code,name,alternate_names,state_territory,latitude,longitude,source_url
A1,Nyaki Nyaki / Njaki Njaki,"Nyungar, Nyaki Nyaki, Nyagi Nyagi, Eastward tribe, Kaikan, Kar Kar, Karkar, Kikkar, Kilkar, Kokan, Kokar, Njagi, Njagi njagi, Njagiman, Njakinjaki, Nyakinyaki, Punuatch, Punwatch, Njagi Njagi",WA,-32.39094519,118.7550827,https://collection.aiatsis.gov.au/austlang/language/a1
A10,Ngurlu,"Wangkathaa, Maduwongga, Waljen, Wanggaji, Wangkayi, Pindini, Jaa, Jata, Kuru, Kurutjara, Nanu, Nata, Nguludjara, Ngulutjara, Njata",WA,,,https://collection.aiatsis.gov.au/austlang/language/a10
A100,Mardo,Mardudjara,WA,,,https://collection.aiatsis.gov.au/austlang/language/a100
A101,Naaguja,Nowkadja,WA,-28.1355411,114.7644712,https://collection.aiatsis.gov.au/austlang/language/a101
A102,Pindiini,"Wangkatha, Bindinini, Pindini, Pintiini, Wangkathaa, Maduwongga, Ngurlu, Waljen, Wanggaji, Wangkayi, Bindunda, Pini, Wangaga, Wanggada, Wonga, Wongai i, Wongaidya, Wongaii, Wonggai, Wonggaii, Wongi, Wonkai, Won gaii",WA,-29.46595664,127.7662611,https://collection.aiatsis.gov.au/austlang/language/a102
A103,Wangkatja,"Wangkatha, Wangkayi",WA,-29.86593028,122.698712,https://collection.aiatsis.gov.au/austlang/language/a103
A104,Pijikala,,WA,,,https://collection.aiatsis.gov.au/austlang/language/a104
A105,Nangu,,WA,,,https://collection.aiatsis.gov.au/austlang/language/a105
A106,Najanaja,,WA,,,https://collection.aiatsis.gov.au/austlang/language/a106
A107,Nawurtu,,WA,,,https://collection.aiatsis.gov.au/austlang/language/a107
A108,Nankilakuthu,,WA,,,https://collection.aiatsis.gov.au/austlang/language/a108
A109,Martuyitha,,WA,,,https://collection.aiatsis.gov.au/austlang/language/a109
A11,Waljen,"Wangkathaa, Maduwongga, Ngurlu, Wanggaji, Wangkayi, Pindini, Koara, Waljwan, Walyen, Waula, wa",WA,-29.231154,122.7229745,https://collection.aiatsis.gov.au/austlang/language/a11
A110,Marlpa,Marlba,WA,,,https://collection.aiatsis.gov.au/austlang/language/a110
A111,Windaga,,WA,,,https://collection.aiatsis.gov.au/austlang/language/a111
A112,Ngunuru,,WA,,,https://collection.aiatsis.gov.au/austlang/language/a112
A113,Byro Wajarri,,,,,https://collection.aiatsis.gov.au/austlang/language/a113
A114,Mileura Wajarri,,,,,https://collection.aiatsis.gov.au/austlang/language/a114
A115,Nharnu,,,,,https://collection.aiatsis.gov.au/austlang/language/a115
A116,Nyiyaparli Padupadu,,,,,https://collection.aiatsis.gov.au/austlang/language/a116
A117,Banyjima Padupadu,,,,,https://collection.aiatsis.gov.au/austlang/language/a117
A118,Ngarrka,,WA,,,https://collection.aiatsis.gov.au/austlang/language/a118
A119,Kurdun,,,,,https://collection.aiatsis.gov.au/austlang/language/a119
A12,Wangkatha,"Wangatja, dialect of The Western Desert language, Wangkathaa, Maduwongga, Ngurlu, Waljen, Wanggaji, Wangkayi, Pindini, Bindinini, Bindunda, Pindiini, Pini, Wangaga, Wanggada, Wonga, Wongai i, Wongaidya, Wongaii, Wonggai, Wonggaii, Wongi, Wonkai, Wanggaji",WA,-29.77825242,121.9180727,https://collection.aiatsis.gov.au/austlang/language/a12
A120,Yirrakalan,,,,,https://collection.aiatsis.gov.au/austlang/language/a120
A121,Ngardi,,WA,,,https://collection.aiatsis.gov.au/austlang/language/a121
A122,Kakutu / Kakurtu,,,,,https://collection.aiatsis.gov.au/austlang/language/a122
A123,Ngulatu / Ngulartu,,,,,https://collection.aiatsis.gov.au/austlang/language/a123
A124,Cundalee Wangka,,WA,,,https://collection.aiatsis.gov.au/austlang/language/a124
A13,Widi,"Badimaya, Widimaya, Barimaia, Cheangwa, Jaburu, Minango, Minangu, Nanakardi, Nanakari, Nanakati, Nhanhakarti, Opee, Weeree, Wiri, Wirti, Wirtimaya, Witimay, Wirtimay, Wirdimay",WA,-28.82675757,116.721527,https://collection.aiatsis.gov.au/austlang/language/a13
A14,Badimaya,"Parti maya, Badimaia, Badimara, Barimaia, Nanakari, Patimara, Patimay, Baadeemaia, Badimala, Bardimaia, Bidungu, Padimaia, Padinaia, Parimaia, Waadal, Wallawe, WardalBadi maia, Yamadgee, Yamaji, Yamatji, Patimaya, Bardimaya, Badimay, Yamadyis, Wardal, Ba",WA,-28.59330827,117.1853249,https://collection.aiatsis.gov.au/austlang/language/a14
A84,Tarpuntjari,,,,,https://collection.aiatsis.gov.au/austlang/language/a84
N1,Nangor,Murinbata,,,,https://collection.aiatsis.gov.au/austlang/language/n1
A16,Kuwarra,"Goara, Koara, Go:ara, Guwara, Kagara, Kogara, Konindja, Konindjara, Waula",WA,-28.1820317,120.3453645,https://collection.aiatsis.gov.au/austlang/language/a16
D53,Kuntakuri,Gundaguri,"NSW,QLD",-29.29726957,146.9078775,https://collection.aiatsis.gov.au/austlang/language/d53
A17,Nangadadjara / Nyanganyatjara,"Ngaanyatjarra, Murunitja, Nangatadjara, Pindini, Tjeraridjal, Wanggatha, Alindjara, Ditu, Dituwonga, Nangandjara, Nangata, Nangatatjara, Nanggaranggu, Nanggatha, Ngaanyatjara, Ngalapita, Ngana, Nganandjara, Njingipalaru, Wangata, Njanganjadjara, Nyangany",WA,-28.68370166,124.8034463,https://collection.aiatsis.gov.au/austlang/language/a17
A18,Muliara,"Majanna, Maldjana, Malleyearra, Meloria, Muliarra, Wadjari, Baialdju, Cheangwa, Iirrawad ari, Irawadjari, Jamadji, Kurduwonga, Kurduwongga, Maliara, Miliara, Miliarra, Pidong, Wadarri, Wadgaree, Wadjeri, Waian wonga, Wajari, Wajeri, Wajjari, Wardal, Yaje",,,,https://collection.aiatsis.gov.au/austlang/language/a18
A19,Wardal,"Wawula, Madoitja, Wirdinja, Wajari, Wardalj, Tjitijamba, Tjitjijamba, Waula",,,,https://collection.aiatsis.gov.au/austlang/language/a19
A2,Kalarku,"Kalaaku, Kalarko, Kalaku, Ngatjunmay, Galagu/Kalako, Kallaar, Malpa, Galagu, Kalako, Ngadjunmaia, Marlba, Beelia, Beeloo, Derbal, Gala:gu, Ilakuri wongi, Juadjag, Juadjek, Juadjuk, Kalaako, Karakata, Karrakatta, Malba, Minal njunga, Minalnjunga, Minnal Y",WA,-32.11021775,121.4875755,https://collection.aiatsis.gov.au/austlang/language/a2
A20,Wilyara,Wiijara,WA,-26.79961161,120.4156881,https://collection.aiatsis.gov.au/austlang/language/a20
A21,Gula,Go:la,WA,-27.99046025,122.7020083,https://collection.aiatsis.gov.au/austlang/language/a21
A22,Marawa,,WA,-28.77151428,125.3463879,https://collection.aiatsis.gov.au/austlang/language/a22
A23,Mangula,"Mandjindja, Kalgonei, Kalgoneidjara, Mandjindjara, Mandjindji, Mandjindjiwongga, Mandshindshi, Man gula, Mangundjara, Manjinjiwonga, Mantjila, Nanggar angku",WA,,,https://collection.aiatsis.gov.au/austlang/language/a23
A24,Gurduwanga,"Kurduwonga, Kurduwongga, Wadjari, Baialdju, Cheangwa, Iirrawad ari, Irawadjari, Jamadji, Maliara, Miliara, Miliarra, Pidong, Wadarri, Wadgaree, Wadjeri, Waian wonga, Wajari, Wajeri, Wajjari, Wardal, Yajeri, Yamaidyi",WA,-25.66881645,117.5473826,https://collection.aiatsis.gov.au/austlang/language/a24
A25,Birniridjara,"Pinyirritjarra, Pini, Nana, Badu, Bandjanu, Banjanu, Barduwonga, Bawndudjara, Bini, Biniridjara, Birni, Budidjara, Bududjara, Buranudjara, Buurdidyara, Jabura, Kaltalbudara, Kaltalbudjara, Kaltalbudjira, Madutjara, Nangaritjara, Ngondidjara, Pandjanu, Pa",,,,https://collection.aiatsis.gov.au/austlang/language/a25
A26,Djalgandi,"Tjalkanti, Tjalkadjara, Barduwonga, Djalgadjara, Barduwanga, Talkumara, Tjalkandjara, Tjalkakari, Wordako, Tjalkani, Djalgani, Tjalgandi, Erlistoun tribe, Dituwonga",WA,-27.64572816,122.973062,https://collection.aiatsis.gov.au/austlang/language/a26
A27,Mudalga,,WA,-27.75221032,123.6548741,https://collection.aiatsis.gov.au/austlang/language/a27
A28,Bunggura,,WA,-27.28614141,130.4633711,https://collection.aiatsis.gov.au/austlang/language/a28
A29,Wawula,"Madoitja, Wardal, Wirdinja, Ngaiu, Ngayuwanga, Waula, Wawlwulu, Ngaiuwonga, Wawulja, Tjitijamba, Tjitjijamba, Waula for Wardal, Marduidji, Milamada, Wainawonga, Konin, Waula for Madoitja",WA,-25.01014047,121.1196452,https://collection.aiatsis.gov.au/austlang/language/a29
A3,Ngadjumaya / Ngadju,"Ngatjumaya, Ngatyumaya, Ngadjunmaya, Ngatjunmay, Galagu, Kalako, Ngadjunmaia, Ba:donjunga, Badonjunga, Bardojunga, Bardok, Buljigu, Fraser Range tribe, Malba, Marlba, Marlpa, Minninng, Ngadjumaja, Ngadjunma, Ngadjunpakara, Ngadjunpukara, Ngadyunma, Ngatj",WA,-32.32466432,123.7411955,https://collection.aiatsis.gov.au/austlang/language/a3
A30,Ngadawanga,"Ngaiawongga, alternative for Tjupany, Madoitja, Ngadawongga, Ngadhawonga, Ngarawonga, Bidungu/Ngayawanga/Ngadawanga, Ngajawonga, Ngaiu wonga, Ngarga wonga, Maliar:a, Wallawe, Waula, Pidungu, Madutjara",WA,-26.40174013,119.5797048,https://collection.aiatsis.gov.au/austlang/language/a30
A31,Tjupan,"Tjupany, Madoitja, Tjubanba, Tjubanba, Djuban, Tjupan, Jupan, Thuradha (Bates), Tjuparn Wangka, Tjupany",WA,-27.11795547,120.5664224,https://collection.aiatsis.gov.au/austlang/language/a31
G27,Kalibamu,"Kukatj, Kalibamu, Galimbamu, Galibamu, Golbiri, Kotanda",QLD,,,https://collection.aiatsis.gov.au/austlang/language/g27
A32,Nakako,"Nakaku, Nangako, Nangakopitja, Wanudjara",WA,-27.22284277,128.5109142,https://collection.aiatsis.gov.au/austlang/language/a32
C31,Eastern Mudburra,"Mudburra, Eastern",NT,-17.55747282,131.9955177,https://collection.aiatsis.gov.au/austlang/language/c31
A33,Mantjintjarra,"Mandjindja, Jindi, Kalgonei, Kalgoneidjara, Madu, Maduwongga, Mandijildjara, Mandildjara, Mandjihjarra, Mandjiidjarra, Mandjildara, Mandjildjara, Mandjildjarra, Mandjiltjara, Mandjiltjarra, Mandjintjarra, Mandjindjara, Mandjindji, Mandjindjiwongga, Mands",WA,-27.25385788,126.0846168,https://collection.aiatsis.gov.au/austlang/language/a33
A34,Mangu,Manyjilyjarra,WA,-25.57987993,119.7750311,https://collection.aiatsis.gov.au/austlang/language/a34
A35,Konin,"Gonin, Madoitja, Marduidji, Milamada, Wainawonga, Waula",WA,,,https://collection.aiatsis.gov.au/austlang/language/a35
A36,Milamada,"Madoitja, Konin, Marduidji, Wainawonga, Waula",,,,https://collection.aiatsis.gov.au/austlang/language/a36
A37,Nanadjara,"Nana, Pini, I:nabadanggural, Kalgo nei, Kalgoneidjara, Kalguni, Nangand jara, Nangaridjara, Ngan:adjara, Nganadjara, Jumudjara, Ngatari, Nona",WA,-26.06406529,123.4876394,https://collection.aiatsis.gov.au/austlang/language/a37
A38,Ngaanyatjarra,"Ngaanjatjarra, Nana, I:nabadanggural, Jumudjara, Kalgonei, Kalgoneidjara, Kalguni, Kuwaratjara, Nangandjara, Nangaridjara, Ngaanjadjara, Ngan:adjara, Ngana, Nganadjara, Ngatari, Nona, Warburton Ranges, Ngadadjara, Ngaanyatjara, Warburton Ranges Dialect,",WA,-25.8004324,127.3534575,https://collection.aiatsis.gov.au/austlang/language/a38
A38.1,Widjandja,"Ngadadjara, Jabungadja, Ku:rara, Nadadjara, Nga:da, Nga:dapitjardi, Ngad adara, Ngadatara, Ngadatjara, Ngadawongga, Ngadjatara, Nganadjara, Ngatatara, Ngatatjara, Rumudjara, Teitudjara, Wan:udjara, Warara, Wirtjandja, Witjandja",,,,https://collection.aiatsis.gov.au/austlang/language/a38.1
A39,Wajarri,"Watjarri, Bidungu, Irawadjari, Mulyara, Nokaan, Wadjari, Waiawonga, Baialdju, Batiga, Cheangwa, Dhauerngu, Iirrawadari, Jamadji, Kurduwonga, Kurduwongga, Maliara, Miliara, Miliarra, Pidong, Wadari, Wadarri, Wadgaree, Wadhari, Wadjeri, Wadyari, Waian, Wai",WA,-26.10023039,116.9930825,https://collection.aiatsis.gov.au/austlang/language/a39
A39.1,Wadiwangga,Wadiwanga,,,,https://collection.aiatsis.gov.au/austlang/language/a39.1
A4,Kaalamaya,"Kaprun, Karlamay, Nyunga, Galamaia, Jabururru, Jawan, Kalamaia, Kelamai, Natingero, Takalako, Watjanmay, Yabro, Galamai, Galamaya, Jaburu, Jungaa, Jungal, Kala:mai, Kaallarmaay, Kalamai, Kalamay, Kalamaya, Njindango, Youngal, Youngar, Yungar, Galamay, Gu",WA,-30.26369153,119.0129788,https://collection.aiatsis.gov.au/austlang/language/a4
A40,Birdungu,"Bidungu, Bedengo, Pedong, Peedong, Pidunga, Peedona, Pardoo, Palatong, Bidungu, Pidong Bedongo, Bidungo, Pidungu",,,,https://collection.aiatsis.gov.au/austlang/language/a40
A41,Madoidja,"Wawula, Tjupany, Madoitja, Wardal, Wirdinja, Wainawonga, Marduidji, Milamada, Wainawonga, Konin, Waula",,,,https://collection.aiatsis.gov.au/austlang/language/a41
A42,Tjitijamba,"Tjitiyamba, Tjitjijamba, Wardal, Djidjijamba, Waula",,,,https://collection.aiatsis.gov.au/austlang/language/a42
A43,Ngaatjatjarra,"Ngaatjatjarr, Ngaanyatjarra, Ngaadjadjara, Ngatatjara, Ngadadjara, Bidungu, Madutjara, Maliar:a, Nalada, Ngaatjatarra, Ngada, Ngadawangga, Ngadawongga, Ngadhawonga, Ngaiawongga, Ngaiu wonga, Ngajawonga, Ngarawonga, Ngarga, Ngargawonga, Ngayawangga, Nyada",WA,-25.08112519,128.5419926,https://collection.aiatsis.gov.au/austlang/language/a43
A44,Djungurdja,,,,,https://collection.aiatsis.gov.au/austlang/language/a44
A48,Ngarla,"Ngarlawangga, Yinhawangka, Panytyima, Inawonga, Inawangga, Inawonga for Inawongga, Ngaunmardi, Nalawonga, Ngalawongga, Ngalawonga, Ngarla warngga, Southern Padima for Ninanu, Ngaala Warngga",WA,-23.79971186,117.6073884,https://collection.aiatsis.gov.au/austlang/language/a48
A49,Wirdinya,"Wawula, Wirdinja, Wardal, Jabura, Mardo, Woordinya, Woordunya",WA,-23.83364083,120.4708263,https://collection.aiatsis.gov.au/austlang/language/a49
A5,Nungara,Nugara,WA,-30.28873663,120.5950126,https://collection.aiatsis.gov.au/austlang/language/a5
A50,Nyiyaparli,"Palyku/Nyiyaparli, Njiyapali, Nijadali, Palyku, Bailgu, Binigura, Niabali, Paljgu, Iabali, Jana, Janari, Njiabadi, Njiabali, Njijabadi, Njijabali, Njijapali, Nyiyabali, Nyiyapali, Njiyabali",WA,-22.92418558,120.1964725,https://collection.aiatsis.gov.au/austlang/language/a50
G48,Rangwa,"Runga Rungawa, Pitta Pitta, Runga Rungawah, Ringarungawah, Dun gadungara, Rungo Rungo",,,,https://collection.aiatsis.gov.au/austlang/language/g48
A51,Kartujarra,"Kartutjarra, Martu Wangka, Katutjara, Katudjara, Katatjara, Kardudjara, Gadudjara, Wal mala, Orailku, Ngadari",WA,-23.28296268,122.0625362,https://collection.aiatsis.gov.au/austlang/language/a51
D52,Thinuntu,Dhindundu,"NSW,QLD",-29.83928282,146.3256832,https://collection.aiatsis.gov.au/austlang/language/d52
A51.1,Manyjilyjarra,"Martu Wangka, Manyjilyjara, Mardu, Mandjildjara/Manyjilyjarra, Budijarra, Gardujarra, Giyajarra, Kartudjara, Keiadjara, Mandjildjara, Potidjara, Wanman, Jindi, Katutjara, Madu, Maduwongga, Mandijildjara, Mandildjara, Mandjihjarra, Mandjiidjarra, Mandjild",WA,-22.57376173,124.9062456,https://collection.aiatsis.gov.au/austlang/language/a51.1
A52,Kiyajarra,"Mardu, Giyajarra/Keiadjara, Budijarra, Gardujarra, Giyajarra, Kartudjara, Keiadjara, Mandjildjara, Manyjilyjarra, Potidjara, Wanman, Giadjara, Giyadyara, Giyadjara, Keiatara, Keredjara, Kiadjara, Giad jara, Gijadjara, Targudi, Tjargudi, Djar gudi, Targoo",WA,-23.51038415,125.9526596,https://collection.aiatsis.gov.au/austlang/language/a52
A53,BANYJIMA,"Banyjima, Panyjima, Panjtjima, Panytyima, Banjima, Bandjima, Mandanjongo, Papupadu, Banjima, Banyjima, Mandara, Paanjima, Pandima, Pandjima, Panjima, Panyjima, Banydyima, Bandjima, Pand'ima",WA,-22.74313267,118.3730032,https://collection.aiatsis.gov.au/austlang/language/a53
A54,Putijarra,"Western Desert Language, Martu Wangka, Pawututjara, Potitjara, Putitjara, Budidjara, Bududjara, Purdi tara, Pawutudjara, Paodudjara, Patudja, Pa tudjara, Partutudjara, Bawndudjara, Partutu, Ngondidjara, Kaltalbudara, Kaltalbudjara, Kaltalbudjira, Poroko,",WA,-24.29516289,122.6147595,https://collection.aiatsis.gov.au/austlang/language/a54
A55,Palyku,"Palyku/Nyiyaparli, Mangguldulkara, Paljarri, Nijadali, Bailgu, Binigura, Niabali, Nyiyaparli, Paljgu, Baialja, Bailgo, Bailju, Bailko, Balgo, Balgoo, Balgu, Baligu, Baljgu, Balju, Boolgoo, Pailgo, Pailgu, Palgu, Palgoe, Pulgo, Pulgoe, Balygu",WA,-22.23908916,120.1608398,https://collection.aiatsis.gov.au/austlang/language/a55
A56,Dargudi,Targudi,WA,-23.06937606,121.0457235,https://collection.aiatsis.gov.au/austlang/language/a56
A58,Nyamal,"Pundju, Widagari, Witukari, Gnamo, Ibarga, Ibargo, Ibarrga, Namal, Namarl, Namel, Njalmal, Njamal, Njamarl, Njamat, Nyamarl, Nyamel, Pundju Njamal, Pundu Namal, Tjingkai Njamal, Wanbarda, Weedokarry, Weedookary, Widagaree, Wirdakarri",WA,-21.22018938,120.029409,https://collection.aiatsis.gov.au/austlang/language/a58
A59,Ibarga,"Nyangumarda, Iparuka, Kundal, Ngolibardu, Ngurlipartu, Nyangumarta, Walyirli, Wanyarli, Ibargo, Ibarrga, Jibarga, Moonyengoota, Powera, Njangamarda, Njangamada, Nyangamada, Nangamada, Nangam urda, Njangomada, Njangumada, Njangumarda, Nangumarda, Nyanguma",WA,-21.2417912,122.3086586,https://collection.aiatsis.gov.au/austlang/language/a59
A6,Maduwongga,"Martu Wangka, Manjtjiltjara, Martu, Wangka, Mardu, Budijarra, Gardujarra, Giyajarra, Kartudjara, Keiadjara, Mandjildjara, Manyjilyjarra, Potidjara, Wanman, Jindi, Julbaritja, Kabul, Maduwangga, Maduwonga, Mardo, Mardudjara, Yindi, Marduwangga",WA,-30.17413476,121.5137411,https://collection.aiatsis.gov.au/austlang/language/a6
A60,Widagari,"Widugari, Nyamal, Widagari/Witukari, Pundju, Witukari, Weedokarry, Weedookarry, Widagaree, Widakari, Wirdagari, Wirdakarri, Wirdugari, Njamal, Nyamel, Namal, Njalmal, Namel, Gnamo, Tjingkai Njamal, Ibarga, Ibarrga, Ibargo, Njamat, Wanbarda, Weedookary, P",WA,-21.32798952,120.6393666,https://collection.aiatsis.gov.au/austlang/language/a60
A61,NYANGUMARTA,"Nyangumarta, Njangumarta, Nyangumarda, Iparuka, Kundal, Ngolibardu, Ngurlipartu, Walyirli, Wanyarli, I:baruga, Ibarga, Ibargo, Ibarrga, Kularupulu, Nangamada, Nangamurda, Nangumada, Nangumarda, Nangumurdu, Ngapakarna, Ngapakoreilitja, Ngardungardu, Nguli",WA,-20.47942077,122.0289589,https://collection.aiatsis.gov.au/austlang/language/a61
A62,Warnman,"Wanman, Mardu, Budijarra, Gardujarra, Giyajarra, Kartudjara, Keiadjara, Mandjildjara, Manyjilyjarra, Potidjara, Nanidjara, Nenidjara, Njanidjara, Wanman Wanman, Wanmanba, Wanmin, Warumala, Nanid jara",WA,-22.2347888,123.0524111,https://collection.aiatsis.gov.au/austlang/language/a62
A63,Waringari,"Ngarti, Ngardi, Waiangara",,,,https://collection.aiatsis.gov.au/austlang/language/a63
A82,Wirdjaragandja,"Wirdjabaganja, Wi:rtjapakandja",WA,-26.30487938,131.9110761,https://collection.aiatsis.gov.au/austlang/language/a82
A85,Kurajarra,Gurajarra,WA,-22.9095914,122.3629167,https://collection.aiatsis.gov.au/austlang/language/a85
N116.G,Ding Ding,"Di?di?, Dingding",,,,https://collection.aiatsis.gov.au/austlang/language/n116.g
A64,Karajarri,"Karatjarri, Karadjeri, Garadjari, Karadjari, Garadare, Garadjara, Garadjeri, Garadyari, Garadyaria, Gardare, Karadhari, Karrajarra, Murgud, Nawurtu, Ngangu, Karatyarri, Kularupulu, Laradjeri, Minala, Nadja, Nadjanadja, Nangu, Naudu, Naurdu, Nawudu, Nawur",WA,-18.81736968,122.3226214,https://collection.aiatsis.gov.au/austlang/language/a64
A65,Mangala,"Mangarla, Djualin, Djuwali, Djuwalia, Jiwali, Koalgurdi, Manala, Mangai, Mangal, Mangula, Mangunda, Minala, Mungala, Yalmbau, Marrngu",WA,-19.63994907,123.9677472,https://collection.aiatsis.gov.au/austlang/language/a65
N116.L,Maydyara / Maidjara,,,,,https://collection.aiatsis.gov.au/austlang/language/n116.l
A66,Walmajarri,"Walmatjarri, Walmadjari, Wolmatjeri, Wolmeri, Bililuna dialect, Djiwalinj, Djiwalinja, Djualin, Djuwali, Jiwarliny, Juwaliny, Ngadjukura, Ngainan, Nganang, Pitangu, Tjiwali, Tjiwalindja, Tjiwaling, Tjiwarlin, Walmadere, Walmadjeri, Walmadyari, Walmadyeri",WA,-19.46737317,126.1512518,https://collection.aiatsis.gov.au/austlang/language/a66
A67,Yulparija,"Yulparitja, Martu Wangka, Julbaridja, Nangatara, Yurlparija, Julbarida, Julbre, Julbri, Yulaparitya, Yulbari dja, Yulbaridja, Yulbaridya, Yulbarija, Yulbri, Yurlbaridya, YulapaRitya, Yulbaradja, Jülbre, Yuria, Yulparirra, Nangadjara, Njangadjara, Julbar",WA,-21.18399715,124.9545013,https://collection.aiatsis.gov.au/austlang/language/a67
A68,Kukatja,"Gugadja, Gogodj, Kokatja, Gogada, Gogadja, Gogadya, Gogoda, Gogodja, Gugada, Gugadji, Gugudja, Kokata, Koonggada, Kukacha, Kukada, Kukadja, Kukaja, Kukata, Kukatji, Kukuruba, Ku kuruba, Pardoo, Julbaritja, Julbre, Ilbaridja, Nambulatji, Bedengo, Bidong,",WA,-20.4894475,127.0238704,https://collection.aiatsis.gov.au/austlang/language/a68
A69,Bunara,"Ngardi, Ngardilj, Ngarti, Waringari, Boonarra, Buna:ra, Ngadi, Ngari, Ngati, Panara, Boonara, Waiangara, Kolo, Waiangari, Wain gara, Waiangadi, Warangari, Kukuruba, Woneiga, Wanayaga, Puruwantung, Buruwatung, Manggai, Munga, Walmala, Wommana",WA,-20.70930386,129.0464562,https://collection.aiatsis.gov.au/austlang/language/a69
A7,Tjeraridjal,"Nyanganyatjara, Murunitja, Nangatadjara, Pindini, Wanggatha, Dyeraridyal",WA,-30.43185108,123.7831818,https://collection.aiatsis.gov.au/austlang/language/a7
A70,Wadjiba,,,,,https://collection.aiatsis.gov.au/austlang/language/a70
A71,Nhugarn,,WA,-25.80499882,115.4762242,https://collection.aiatsis.gov.au/austlang/language/a71
A72,Ngurlipartu,"Ngulipartu, Nyangumarta, Ngolibardu, Nyangumarda, Ngolibardu/Ngurlipartu, Iparuka, Kundal, Walyirli, Wanyarli, Tjilakurukuru",WA,-21.24327236,122.3284999,https://collection.aiatsis.gov.au/austlang/language/a72
A73,Walyirli,"Nyangumarta, Nyangumarda, Walyirli/Wanyarli, Iparuka, Kundal, Ngolibardu, Ngurlipartu, Wanyarli, Walyurli",WA,-20.05851321,121.8962409,https://collection.aiatsis.gov.au/austlang/language/a73
A74,Fraser Range,Fraser Range,WA,-32.175364,123.4744655,https://collection.aiatsis.gov.au/austlang/language/a74
A75,Bundjuwanga,,WA,-21.08759624,119.3971991,https://collection.aiatsis.gov.au/austlang/language/a75
A76,Pantikura,,WA,-22.55780241,118.5042538,https://collection.aiatsis.gov.au/austlang/language/a76
A77,Mijaranypa,Mitjaranjpa,WA,-22.99968937,118.1452752,https://collection.aiatsis.gov.au/austlang/language/a77
A78,Ju'una,Ju?una,WA,-22.00076296,119.4554131,https://collection.aiatsis.gov.au/austlang/language/a78
A79,Yinhawangka,"Ngarluwangka, Panytyima, Ngalawonga",WA,-24.45577843,119.0782641,https://collection.aiatsis.gov.au/austlang/language/a79
A8,Murunitja,"Nyanganyatjara, Nangatadjara, Pindini, Tjeraridjal, Wanggatha, Kogara Mara, Mooroon, Murnidja, Murunidja, Moorooon, Mara, Kogara",WA,-30.30238579,126.0307175,https://collection.aiatsis.gov.au/austlang/language/a8
A80,WESTERN DESERT LANGUAGE,The Western Desert language,"NT,SA,WA",-26.33733782,127.1081071,https://collection.aiatsis.gov.au/austlang/language/a80
A81,Mount Margaret,Mount Margaret Dialect,,,,https://collection.aiatsis.gov.au/austlang/language/a81
A83,Njangadjadjara,,WA,-30.68216031,131.4921161,https://collection.aiatsis.gov.au/austlang/language/a83
A86,Martu Wangka,,WA,-23.35091166,123.6684224,https://collection.aiatsis.gov.au/austlang/language/a86
A87,Wangkajunga,"Wangkatjungka, Martu Wangka, Wanggadjunga",WA,-20.57646586,126.5032336,https://collection.aiatsis.gov.au/austlang/language/a87
A88,Juwaliny,"Tjuwalinj, Walmajarri, Tjiwaliny, Yuwarliny, Tyiwaliny",WA,-20.64372967,124.6987972,https://collection.aiatsis.gov.au/austlang/language/a88
A89,Pililuna,"Walmajarri, Bililuna dialect",WA,-19.66674636,127.6004663,https://collection.aiatsis.gov.au/austlang/language/a89
A9,Mirniny,"Meening, Mining, Minninng, Mirniny, Ba:duk, Baaduk, Bardok, East Meening, East Mining, Eucla, Ikala, Ikula, Jirkala Mining, Jirkla mirning, Julbara, Julbari, Jurgala, Jurgula, Minal njunga, Mininj, Minnal yungar, Minning, Mirin, Mirningj, Murram, Ngadjad",WA,-31.29303042,128.1534933,https://collection.aiatsis.gov.au/austlang/language/a9
A90,Nyanyany,Njanjanj,,,,https://collection.aiatsis.gov.au/austlang/language/a90
A91,Nyardi,Njardi,WA,-18.62299162,125.2755039,https://collection.aiatsis.gov.au/austlang/language/a91
A92,Tjapanmay,"Nyunga, Djabanmay",WA,-30.96389272,117.0541107,https://collection.aiatsis.gov.au/austlang/language/a92
A93,Nhanhagardi,"Nana karti, Widi, Nanakarti, Nanakarri, Wiri, Minango, Minangu, Nanakari, Nanakati, Barimaia, Jaburu, Nganakarti",WA,-29.21759681,115.2749592,https://collection.aiatsis.gov.au/austlang/language/a93
A94,Witjaari,"Whadjuk, Wadjuk, Wadjug, Whajook, Witja:ri, Wadjup, Juadjuk, Yooard, Yooadda, Minaln junga:, Minnal Yungar, Derbal, Karakata, Caractterup tribe, Karrakatta, Ilakuri wongi",WA,-31.7559692,116.2100524,https://collection.aiatsis.gov.au/austlang/language/a94
A95,Natingero,,WA,-29.37382415,118.3669993,https://collection.aiatsis.gov.au/austlang/language/a95
A96,Mandara,,WA,-23.36443632,119.2811247,https://collection.aiatsis.gov.au/austlang/language/a96
A97,Cheangwa language,,WA,-27.49908684,116.4015535,https://collection.aiatsis.gov.au/austlang/language/a97
A98,Kuntal,"Nyangumarda, Kundal, Iparuka, Ngolibardu, Ngurlipartu, Nyangumarta, Walyirli, Wanyarli, Njangamarda, Njangamada, Nyangamada, Nangamada, Nangam urda, Njangomada, Njangumada, Njangumarda, Nangumarda, Nyangumada, Nyangumata, Njadamarda, Njanja marta, Ngapak",,,,https://collection.aiatsis.gov.au/austlang/language/a98
A99,Norseman,,WA,-32.24150202,121.7626144,https://collection.aiatsis.gov.au/austlang/language/a99
C1,Wirangu,"Hilleri, Jilbara, Naljara, Ngoleiadjara, Nonga, Tidni, Tidnie, Titnie, Wanbiri, Wangon, Warrangoo, Willeuroo, Windakan, Wirangga, Wirongu, Wirrongu, Wirrung, Wirrunga, Yilrea, Weerung, Wanggan, Yulbara, Julbari Wonnga, Yulbara wonga, Ulbarara, Youlbara,",SA,-31.53598772,133.5220741,https://collection.aiatsis.gov.au/austlang/language/c1
C10,Pintupi,"Pintupi Luritja, Bindubi, Ildawonga, Wenamba, Bindaboo, Bindabu, Bindiboo, Bindibu, Bindooboo, Bindubu, Kalgonei, Kalgoneidjara, Kalguni, Loritja, Luridja, Luritja, Matjunalatara, Panika, Pi:ntubi, Pindu, Pindubu, Pintubi, Pintubidjara, Pintubitjara, Pin",NT,-23.37009684,127.5817031,https://collection.aiatsis.gov.au/austlang/language/c10
C11,Yumu,"Luritja, Jumu, Kukatja, Loritja, Matuntara, Ngalia, Ngadadjara, Ngatatara, Pa:kulja, Ngadad jara",,,,https://collection.aiatsis.gov.au/austlang/language/c11
C24,Manu,"Wandjira, Wadshara, Manoo",,,,https://collection.aiatsis.gov.au/austlang/language/c24
C12,Antekerrepenhe,"Antekerrepenh, Andegerebinha, Andegerebenha, Andakerebina, Undekerebina, Walwallie, Williwilli, Yanindo, Andagerebina, Antakiripina, Andeberegina, Willi willi, Yanindo, Arandic","NT,QLD",-22.75390814,137.6206039,https://collection.aiatsis.gov.au/austlang/language/c12
C13,Kaytetye,"Kaytetj, Kayteye, Kaytej, Gaidij, Kaititja, Kaititja; Gaididj, Kadda kie, Kaitidji, Kaitije, Kaitiji, Kaitish, Kaititj, Kaititje, Kat tit ya, Kat titch a, Katitch a, Katitja, Kaititj; Gaididj, Kaddakie, Katitcha, Katitya, Kaiditj, Kaytej; Gaididj, Keytet",NT,-21.01987409,134.0695025,https://collection.aiatsis.gov.au/austlang/language/c13
C29,Lower Arrernte,"Alenjerntarrpe, Lower Aranda, Arrernte Imarnt, Arandic","NT,SA",-25.95457191,135.3928072,https://collection.aiatsis.gov.au/austlang/language/c29
C14,Alyawarr,"Aljawarra, Alyawarre, Iliaura, Aliawara, Aliwara, Aljawara, Alyawara, Ilawara, Iliama, Iljauara, Iljawara, Illiaura, Illura, Illyowra, Ilyauarra, Ilyowra, Jajuwara, Yalyuwara, Iliaura, Ilja:wara, Iljaura, Ilyaurra, Ja:wara, Aljawara, Ilaurainya, Udnla, I",NT,-21.948371,135.5344463,https://collection.aiatsis.gov.au/austlang/language/c14
C15,WARLPIRI,"Warlpiri, Lander Warlpiri, Ngalia, Walbiri, Walmalla, Walpiri, Waneiga, Warlmala, Walpiri, Alpira, Alpiri, Elpira, Ilpara, Ilpira, Ilpirra, Nambulatji, Njambalatji, Ulperra, Wailbri, Walbrai, Walbri, Waljbiri, Waljpiri, Walpari, Warrabri, Wolperi, Wolpir",NT,-20.43359561,131.0524093,https://collection.aiatsis.gov.au/austlang/language/c15
C15.1,Wakirti Warlpiri,"Warlpiri, Eastern Warlpiri, Ali Curung, Hanson River Warlpiri, Warrabri Warlpiri, Ali Curung Warlpiri; Warrabri Warlpiri, Wageer, Wager, Wagier, Wagir, Wahgir, Wahkeer, Wahker, Wahkier, Wahkir, Wakeer, Waker, Wakier, Wakir, Wargir, Warkeer, Warker, Warki",NT,-20.67209332,133.0945288,https://collection.aiatsis.gov.au/austlang/language/c15.1
C16,Wakaya,"Wagaya, Other Australian Indigenous Languages, Wakaja; Akaja, Arkiya, Lee wakya, Ukkia, Waagai, Waagi, Wagai, Wagaiau, Wagaja, Waggaia, Warkaia, Warkya, Wogaia, Woorkia, Worgai, Worgaia, Workaia, Workia, Worrkii, Wakaya; Leewakya, Wakaja, Wakkaja, Worki",NT,-20.15290759,136.1691472,https://collection.aiatsis.gov.au/austlang/language/c16
C17,Warlmanpa,"Walmanba, Wanmampa, Walmamba, Warlmanpa; Walmanba, Walmunba, Wanmanpa, Warlmanba, Walmala, Walmanpa, Walpiri, Albura, Alpira, Alpiri, Elpira, Ilpara, Ilpira, Ilpirra, Nam bulatji, Njambalatji, Ulperra, Wailbri, Walbiri, Walbrai, Wal bri, Waljbiri, Waljpi",NT,-19.24962654,132.8710073,https://collection.aiatsis.gov.au/austlang/language/c17
C18,Warumungu,"Waramanga, Waramungu, Waramanga; Airamanga, Leenaranunga, Uriminga, Waramunga, Warimunga, Warramonga, Warramunga, Warrumunga, Wurmega, Warumungu; Waramanga, Warramanga, Warumunga, Warumungu; Warramunga, Airamanga, Warrmunga, Aira manga",NT,-19.60271266,134.5051818,https://collection.aiatsis.gov.au/austlang/language/c18
C19,Wambaya,"Wambaia, Wombaya, Wambaia; Umbaia, Umbia, Wambaja, Wampaja, Wom by a, Wombaia, Wombya, Wonbaia, Yumpia, Wambaya; Umbaia, Wampaya; Umbaia, Wampaya, Wobya, Wambaya; Wambaia, Umbaia, Wailwan, Wailwin, Wailwun, Waljwan, Wamgaja, Wilwan, Ympia, Won baia",NT,-18.17305531,135.4310501,https://collection.aiatsis.gov.au/austlang/language/c19
C2,Ngalia,"Ngaliya, Ngalea, Nambuda, Nangga, Nanggaranggu, Nanggarangku, Ngaliawongga, Ngalija, Ngallea, Ngallia, Ooldean, Tangara, Willoorara, Windakan, Willoo rara",SA,-29.19837154,129.4800333,https://collection.aiatsis.gov.au/austlang/language/c2
C20,GURINDJI,"Gurindji, Kuurrinjtji, Gurinji, Kartangarurru, Korindji, Kurintji, Malngin, Tjial, Wandjira, Coorinji, Corringi, Garundji, Goarango, Guirindji, Gurindzi, Gurrinji, Guurindji, Koorangie, Kooringee, Kwarandji, Kwaranjee, We arr ung, Gurindgi",NT,-17.46211282,129.8075984,https://collection.aiatsis.gov.au/austlang/language/c20
C21,Pinkangarna,"Mudbura, Pinkangama, Bingongina; Bin gongina, Bugongidja, Bin Gongina, Pinkangarna; Bin Gongina, Bingongina, Pinkangana, Bin gongina",,,,https://collection.aiatsis.gov.au/austlang/language/c21
C22,Jingulu,"Djingulu, Djingili, Jingili, Tjingili, Tjingilu, Tjinggili, Tjingilli, Tjingali, Tjingalli, Chingalee, Chingalli, Tjingale, Tchingalee, Djingali, Djinggili, Tingalie, Leechunguloo",NT,-17.35076527,133.7015129,https://collection.aiatsis.gov.au/austlang/language/c22
C23,Gunindirri,"Gunindiri, Kunindiri, Cundundeerie, Goonanderry, Kunandra, Kundindiri, Leecundunderrie, Gundirri, Kunindirri, Kunindiri; Cundundeerie, Leecundundeerie, Gunindiri; Kundindiri, Ku nandra",NT,-17.66922781,136.8446522,https://collection.aiatsis.gov.au/austlang/language/c23
C25,MUDBURRA,"Mudburra, Mudbura, Mutpura, Mutpura; Madbara, Moodburra, Mootburra, Mudbara, Mudbera, Mulpira, Mudbura; Moodburra, Mudbra, Mutburra, Mudburra; Mudbura, Madbara, Mutpurra",NT,-17.44031006,131.9096227,https://collection.aiatsis.gov.au/austlang/language/c25
C26,Gudanji,"Gudandji, Ngandji, Gurdanji, Kotandji, Kurdanji, Kotandji; Anga, Angee, Gnanji, Godangee, Gundangee, Kakaringa, Koodangie, Koodanjee, Kudanji, Kudenji, Kutandji, Kutanjtjii, Kutandji; Anjee, Goarango, Goodanji, Gurandji, Koodanjie, Kuarandji, Kurandji, K",NT,-16.980617,135.255653,https://collection.aiatsis.gov.au/austlang/language/c26
C27,NGARINYMAN,"Ngarinyman, Ngarinman, Agarinman, ainman, Airiman, Hainman, Heineman, Hyneman, Nariman, Narinman, Ngaiman, Ngaimmun, Ngainman, Ngainmun, Ngarnman, Ngraimun, Ngrainmun, Ngaringman, Hairiman",NT,-16.59038008,130.2551773,https://collection.aiatsis.gov.au/austlang/language/c27
C28,Akarre,"Arrarnta, Western, Akara",NT,-22.84250667,135.3629918,https://collection.aiatsis.gov.au/austlang/language/c28
C3,Kokatha,"Kukatha, Kukarta, Kokata, Gugada, Cocotah, Cookutta, Geebera, Gogada, Gogoda, Gugadja, Kakarrura, Keibara, Kikataja, Kokatja, Kokit ta, Koocatho, Koogatho, Koogathoo, Koogurda, Kookata, Kookatha, Kotit ta, Ku:gurda wongga, Kugurda, Kukada, Kukata, Maduta",SA,-29.65944536,133.4153573,https://collection.aiatsis.gov.au/austlang/language/c3
C30,Eastern Gurindji,"Gurindji, Eastern",NT,-17.74853451,130.4059014,https://collection.aiatsis.gov.au/austlang/language/c30
C32,Eastern Ngarinyman,"Ngarinyman, Eastern",NT,-16.55603846,130.5117546,https://collection.aiatsis.gov.au/austlang/language/c32
C33,Karranga,"Mudbura, Karangpurru, Karrangpurru",NT,-16.21455837,131.3606302,https://collection.aiatsis.gov.au/austlang/language/c33
C34,Kartangarurru,"Gurindji, Korindji, Kurintji, Malngin, Tjial, Wandjira, Kartangaruru, Pirlingarna",NT,-19.25030503,130.4807254,https://collection.aiatsis.gov.au/austlang/language/c34
C35,Kuwarranyji,"Gurindji, Kwaranjee, Kwarandji, Kuwarrangu, Kooringee, Coorinji, Goarango, Gurindzi, We arr ung",NT,-16.72094035,132.3365622,https://collection.aiatsis.gov.au/austlang/language/c35
C36,Western Mudburra,"Mudburra, Western",NT,-16.76736404,131.4545549,https://collection.aiatsis.gov.au/austlang/language/c36
C37,Wurlayi,Gurinji,NT,-16.34158581,129.6478241,https://collection.aiatsis.gov.au/austlang/language/c37
C38,Ngardilypa,"Ngardilpa, Warlpiri, Ngardilba/Wanayaga",NT,-19.6234758,129.7355985,https://collection.aiatsis.gov.au/austlang/language/c38
C39,Wawulya,,NT,-21.80471001,130.0438684,https://collection.aiatsis.gov.au/austlang/language/c39
C4,Yankunytjatjara,"Yankuntjatjarra, Yankuntjatjara, Alinjera, Ankundjara, Everard Range Tribe, Jan gundjara, Janggunadjara, Janggundjara, Jangkudjara, Jangkuntjarra, Jangkundjadjara, Jangkundjara, Jangundjara, Jangwundjara, Jankundjadjara, Jankundjara, Jankundjindjara, Jan",SA,-26.62369368,132.2605529,https://collection.aiatsis.gov.au/austlang/language/c4
C40,Warnayaka,"Wanayaga, Woneiga",NT,-19.73870488,130.703069,https://collection.aiatsis.gov.au/austlang/language/c40
C41,Yarlpiri,Lander Yalpari,NT,-20.48362875,132.1319749,https://collection.aiatsis.gov.au/austlang/language/c41
C42,Warrmarla,"Walmala, Warlmanpa, Warrmarrla",NT,-20.50942118,129.7478641,https://collection.aiatsis.gov.au/austlang/language/c42
C43,Ngaliya,Warlpiri,NT,-21.80869809,131.1867126,https://collection.aiatsis.gov.au/austlang/language/c43
C44,Wenamba,"Wenanba, Wankawinan, Kalgonei, Wanudjara, Pintularapi, Mangawara, Kalguni, Widanda, Tjurti",NT,-23.70842468,128.7492416,https://collection.aiatsis.gov.au/austlang/language/c44
C45,Nyiwanawu,,NT,-16.3392093,129.6823194,https://collection.aiatsis.gov.au/austlang/language/c45
C46,Pertame,"Partaama, Arandic",NT,,,https://collection.aiatsis.gov.au/austlang/language/c46
C47,Western Arrarnta,"Aranda, Tyuretye Arrernte, Western Aranda, Arrarnta, Western Aranta, Arinta, Arranda, Arrinda, Arrundta, Arrunta, Arunda, Arunndta, Arunta, Urrundie, Western Arrernte, Ur rundie, Arandic",NT,,,https://collection.aiatsis.gov.au/austlang/language/c47
C48,ARANDIC,,"NT,SA",,,https://collection.aiatsis.gov.au/austlang/language/c48
C5,Antikirinya,"Antikarinya, Antakarinya, Antakarinja, Andagirinja, Aldolinga, Alinjerra, Aluna Aluna, Andagarindja, Andagarinja, Andakirinja, Andayarinja, Andegilliga, Andekarinja, Andekerinja, Andgari, Andigari, Andigarina, Andigarinya, Andigidini, Andigiri, Andigirin",SA,-27.02978902,134.0166357,https://collection.aiatsis.gov.au/austlang/language/c5
C6,Pitjantjatjara,"Pitjantjatjarra, Bidjandjadjara, Pitjantjara, Bidjandja, Bidjandjara, Bidjuwongga, Bidyandyadyara, Bindjandjadjara, Gunggawara, Ituarre, Jabu, Kalgonei, Mamoo, Mamu, Mangawara, Mulatara, Nangatadjara, Njangadjadjara, Nyangatjatjara, Partutu, Peechintarra","NT,SA,WA",-25.66411506,130.0655038,https://collection.aiatsis.gov.au/austlang/language/c6
C7,Kukatja,,,-24.04279506,131.4280677,https://collection.aiatsis.gov.au/austlang/language/c7
C7.1,Luritja,"Luritja, Pintupi Luritja, Jumu, Kukatja, Loritja, Matuntara, Ngalia, Aluratja, Aluratji, Aluridia, Aluridja, Lo rit ya, Loorudgee, Loorudgie, Loritcha, Loritya, Luridja, Luritcha, Lurritji, Maiulatara, Manggai, Mulatara, Nambulatji, Panara, Pardoo, Peedo",NT,-24.94708497,133.1519028,https://collection.aiatsis.gov.au/austlang/language/c7_1
D35,Guyambal,"Ngarabal, Kwiambal, Yugambal, Cambooble, Gambabwal, Gwaimbal, Kaoambal, Kwaimbal, Koi, Kweembul, Quieumble, Queenbulla","NSW,QLD",-29.34051588,151.2486019,https://collection.aiatsis.gov.au/austlang/language/d35
C8,Arrernte,"Aranda, Ikngerripenhe, Eastern Aranda, Mparntwe Arrernte, Central Aranda, Tyuretye Arrernte, Arrernte Alturlerenj, Western Aranda, Pertame, Southern Aranda, Arrarnta, Western, Eastern, Aldolanga, Aldolinga, Alitera, Aranta, Arinta, Arranda, Arrinda, Arru",NT,-23.91276975,134.2609232,https://collection.aiatsis.gov.au/austlang/language/c8
C8.1,Anmatyerr,"Anmatjirra, Anmatyerre, Anmatjera, Unmatjera, Imatjera, Urmitchee, Anmadjara, Anmatjere, Anmajirra, Nmatjera, Anmatjara, Janmadjara, Janmadjari, Janmatjiri, Yanmedjara, Yanmadjari, Arandic",NT,-22.25465276,133.2622529,https://collection.aiatsis.gov.au/austlang/language/c8.1
C9,Wanggamala,"Wongkamala, Wonkamudla, Wonggaman, Wonggawan, Wonkamala, Wanggamanha, Wangkamana, Wangkamala",,,,https://collection.aiatsis.gov.au/austlang/language/c9
D1,Wemba Wemba,"Wamba Wamba, Wembawemba, Wambawamba, Womba, Weumba, Waamba, Yambayamba, Yamba, Wiembar, Wamba wamba, Yamba yamba, Swan Hill tribe, Moulmein dialect Moolamiin, Lake Boga dialect, The neighbourhood of Lake Boga, probably Moorebat, the Lower Loddon dialect,","NSW,VIC",-35.34122157,144.141905,https://collection.aiatsis.gov.au/austlang/language/d1
D22,NGIYAMPAA / NGEMPA,"Ngiyambaa, Other Australian Indigenous Languages, Ngiyampaa, Wangaaybuwan Ngiyambaa, Wailwan, Wongaibon, Waljwan, Weilwan, Ngemba, Wangaaypuwan, Gaiamba, Narran, Negunbah, Ngaiamba, Ngamba, Ngambar, Ngeumba, Ngeunbah, Ngiamba, Ngiemba, Ngiumba, Ngiyamba,",NSW,-31.27026424,146.704555,https://collection.aiatsis.gov.au/austlang/language/d22
G49,Kok Narr,"Kok Narr, Koknar, Gog Nar, Kok Nar, Kuku Nar, Gugu Nar, Kok-Narr, Gug-nar",,,,https://collection.aiatsis.gov.au/austlang/language/g49
D10,Wiradyuri/Wiradjuri,"Wiradhurri, Wirratherie, Wirradgerry, Waradgery, Woradgery, Wiradhuri, Jeithi, Berrembeel, Junamildan, Wagga tribe, Waradgeri, Warandgeri, Warradjerrie, Warrai Durhai, Wayradgee, Weeragurie, Weerarthery, Weorgery, Weradgerie, Werogeri, Werogery, Wiiradur",NSW,-33.90918016,147.2573464,https://collection.aiatsis.gov.au/austlang/language/d10
D11,Pulaali,"Paakantyi, Bulaali, Bulalli, Bolali, Maljangapa, Wiljakali, Pulaali, Pulakali, Maljangaba, Malya napa, Mulya napa, Mulya nappa, Milya uppa, Mullia arpa, Muliaarpa, Malynapa, Malja:pa, Malyapa, Nalyanapa, Malgangara, Karikari, Bulali for Maljangapa, Wilya",NSW,-31.48957662,141.7697941,https://collection.aiatsis.gov.au/austlang/language/d11
D12,PAAKANTYI / PAAKANTJI / BARKINDJI,"Paakantyi, Baagandji, Darling, Barkindji, Ba:gundji, Baagandyi, Bagandji, Bagundji, Bahkunji, Bahkunjy, Bahroongee, Bahroonjee, Bakandi, Bakandji, Bakanji, Bandjagal, Bandjangali, Bargunji, Barindji, Barinji, Barkinghi, Barkinjee, Barkinji, Barkungee, Ba",NSW,-31.63317508,142.7779861,https://collection.aiatsis.gov.au/austlang/language/d12
D13,Wiljali,"Wiljaali, Wiljakali, Bo arli, Bulali, Wiljagali, Willoo, Wiloo, Wilya, Wilyakali",,,,https://collection.aiatsis.gov.au/austlang/language/d13
D14,Thangkaali,"Paakantyi, Dhanggaali, Danggali, Milpulo, Dhanggagarli, Dangali, Danggadi, Tungarlee, Tongaranka, Danggagali, Tung arlee, Dthang gaa lee, Dthanggka, Dthanggha, Paritke, Paridke, Momba, Nanja, Nanjara, Nonnia, Nganya, Scotia blacks, Nju:wiki, Yakumban, Ya","NSW,SA",-33.19407773,140.5364068,https://collection.aiatsis.gov.au/austlang/language/d14
D15,Guyinbaraay,"Gunjbaraay, Kamilaroi, Guyinbaray, Euahlayi, Gamilaroi, Juwalarai, Ualarai, Walarai, Weraerai, Wirajarai, Gunjbarai, Gunjbarri, Koinberi, Koinberri, Kawambarai, Cooinburri, Kawamparai, Koinbere, Gawambarai, Goin berai, Guinbrai, Guinberai, Mole tribe, Co","NSW,QLD",-31.0837662,149.5999617,https://collection.aiatsis.gov.au/austlang/language/d15
D16,Wilyakali,"Paakantyi, Darling, Wiljali, Wiljagali, Willoo, Bo arli, Bulali","NSW,SA",-31.94801137,140.9901883,https://collection.aiatsis.gov.au/austlang/language/d16
D17,Pantyikali,"Paakantyi, Bandjigali, Wanjiwalku, Bandjagali, Barkindji, Milya uppa, Barkinji, Barkinjee, Barkunjee, Bahkunji, Pakindji, Pa:kindzi, Bakandji, Bahkunjy, Barkinghi, Parkungi, Par kengee, Parkingee, Bakanji, Bakandi, Bargunji, Bagundji, Bagandji, Bpaagkon","NSW,SA",-30.49041055,142.6846524,https://collection.aiatsis.gov.au/austlang/language/d17
D71,Galali,,,,,https://collection.aiatsis.gov.au/austlang/language/d71
N135,Burarra,"Burera, Burratha",NT,,,https://collection.aiatsis.gov.au/austlang/language/n135
D18,Wangaaypuwan,"Wangaaybuwan Ngiyambaa, Wongai bun, Wangaybuwan, Wonghibone, Wonjhi bon, Wonjibone, Wongi bone, Wonghibon, Wonghi, Wun gai, Wuzai, Wozai, Woyaibun, Mudall",NSW,-31.4133463,145.8190896,https://collection.aiatsis.gov.au/austlang/language/d18
D19,Nhaawuparlku,"Paakantyi, Naualko, Barundji, Parundji, Bungyarlee, Nawalko, Ngunnhalgu, Ngunnhlgri, Parooige, Unelgo, Wampandi, Wampangee, Wombungee, Wompungee, Nabarlgu, Ngunnhalgri, Milpulko, Mailpurlgu, Nawalgu, Nhaawu parlku",NSW,-30.97050337,144.1661644,https://collection.aiatsis.gov.au/austlang/language/d19
D36,Geynyan,"Gee en yun, Gee enyun, Keinjan, Wawpa, Geinjan, Geinyan, Gheeannun, Keinyan, Warwick dialect",QLD,-28.18347613,152.1836091,https://collection.aiatsis.gov.au/austlang/language/d36
D2,Yorta Yorta,"Yota Yota, Bangerang, Jotijota, Yoda Yoda, Arramouro, Benhedore, Jabulajabula, Jodajoda, Moira, Narinari, Ngarimawuru, Ngarrimouro, Ngarrimowra, Wollithiga, Woollathura, Yabulayabula, Yoorta, Yorta yorta, Yotayota, Joda Joda, Yotta Yotta, Yabola, Yota yo","NSW,VIC",-36.09392971,145.2635799,https://collection.aiatsis.gov.au/austlang/language/d2
D20,Wayilwan,"Wailwan, Ngiyarnbaa, Walywan, Wilwan, Wallwan, Wailwun, Wilawun, Weilwun, Waal won, Wile Wan, Wali, Waljwan, Ngiumba, Wahoon",NSW,-31.01810658,148.0268205,https://collection.aiatsis.gov.au/austlang/language/d20
D21,Wanyuparlku,"Paakantyi, Wandjiwalgu, Wanjiwalku, Kongait, Pernowie, Pernowrie, Pono, Tongaranka, Wandjiwalku, Wanjwalgu, Wanyabalku, Wanyuwalgu, Weyneubulkoo, Weynoubulkoo, Wongimalko, Wonipalku, Wonjimalku, Wanyubarlgu, Wanjubalgu, Wonji malku",NSW,-31.90096414,142.3424848,https://collection.aiatsis.gov.au/austlang/language/d21
N116.J,Djirin,Deriny1,,,,https://collection.aiatsis.gov.au/austlang/language/n116.j
D23,Gamilaraay / Gamilaroi / Kamilaroi,"Euahlayi, Guyinbaray, Juwalarai, Ualarai, Walarai, Weraerai, Wirajarai, Kamilarai, Kamilroi, Kamalarai, Koomilroi, Gunilroi, Guminilroi, Gumilray, Camleroy, Euhahlayi, Gamilray, Northern Gamilaraay, Peel River language, Kamilaori, Kamilari, Kamu, laroi,",NSW,-29.72305819,149.8333724,https://collection.aiatsis.gov.au/austlang/language/d23
D24,Southern Anaiwan,"Nganjaywana, Aneewan, Aniwan, Inuwon, Nganyaywana, Anaiwan, Anewan, Amberu, Anaywan, Ee na won, En nee win, Eneewin, Enniwon, Enuin, Inuwen, Inuwon, Nee inuwon, Newana, nganyaywana, Nowan, Yenniwon, Dariwan, Eenewon, Narwon, Enni won, Inuwan",NSW,-30.7098681,151.3524683,https://collection.aiatsis.gov.au/austlang/language/d24
D25,Kurnu,"Paakantyi, Gurnu, Guula, Darling, Gunu, Kula, Cornu, Ee na won, Gu:nu, Gu:rnu, Guerno, Guno, Koono, Koonoo, Kornoo, Kornu, Kuno, Noolulgo",NSW,-29.75977753,145.3308111,https://collection.aiatsis.gov.au/austlang/language/d25
D26,Barranbinya,"Barranbinja, Baranbinja, Barren binya, Barrumbinya, Barrunbarga, Burrabinya, Burranbinga, Burranbinya, Burrumbinya, Burrunbinya, Parran binye, Barabinja, Baranbinya, Burrun binya, Burrunbinia, Burrunbinya",NSW,-29.78022934,146.2686559,https://collection.aiatsis.gov.au/austlang/language/d26
D27,Yuwaalaraay,"Kamilaroi, Juwalarai/Ualarai, Euahlayi, Gamilaroi, Guyinbaray, Juwalarai, Ualarai, Walarai, Weraerai, Wirajarai, Yuwalarai, Jualrai, Yualarai, Yualloroi, Yowaleri, Uollaroi, Youallerie, Yualari, Yualai, Yualeai, Yerraleroi, Yowairi, Yuolary, Eu ahlayi, Y","NSW,QLD",-29.31314852,148.2755346,https://collection.aiatsis.gov.au/austlang/language/d27
D28,Wiriyaraay,"Wirayaraay, Wiriwiri, Kamilaroi, Weraerai, Euahlayi, Gamilaroi, Guyinbaray, Juwalarai, Ualarai, Walarai, Wirajarai, Wirraiyarrai, Wiri Wiri, Wirriyaraay, Wiraiarai, Weraiari, Wirri Wirri, Wirraarai, Warlarai, Wolroi, Wolleri, Waho lari, Wolaroo, Walari,",NSW,-29.11287083,150.6214094,https://collection.aiatsis.gov.au/austlang/language/d28
D29,Gambuwal,"Kambuwal, alternative for Ngarabal, Cambooble, Gambabal, Gambubal, Kaoambul, Kaombal, Gambu bal",QLD,-28.61886109,151.4415609,https://collection.aiatsis.gov.au/austlang/language/d29
D3,Ngunawal / Ngunnawal,"Gundungurra, Burragorang, Gurungada, Ngaonawal, Ngennigenwurro, Ngoonawal, Nungawal, Wonnawal, Yarr, Yiilima",NSW,-34.98029551,149.0870952,https://collection.aiatsis.gov.au/austlang/language/d3
D30,Kullilli,"Galali, Ngura, Kullilla, Bitjara, Kalali, Minkabari, Garlali, Kalili, Kullali, Kullalli, Kullally, Karlali, Kalali",QLD,-28.36614352,143.5314931,https://collection.aiatsis.gov.au/austlang/language/d30
D31,Budjari / Badjiri,"Ngura, Badjidi, Badjeri, Baddyeri, Byjerri, Baderi, Poidg erry, Badjedi, Bädjäri","NSW,QLD",-28.43364116,145.2278033,https://collection.aiatsis.gov.au/austlang/language/d31
D32,MURUWARI,"Muruwari, Muruwarri, Murawarri, Morowari, Marawari, MarraaWarree, Maruwari, Moorawarree, Moorawarrie, Morewari, Murawari, Murrawari, Murrawarri, Murri, Murueri, Muruworri, Muruwurri, Yacko Yacko, Marraawarree, Murra warri","NSW,QLD",-29.06817925,145.7980905,https://collection.aiatsis.gov.au/austlang/language/d32
D33,Guwamu,"Kooma, Guwamu, Koamu, Culgoa, Goamu, Gowamu, Gruwamu, Guamu, Kaombal, Kuam, Kuamu, Oamu",QLD,-28.41455229,147.7249188,https://collection.aiatsis.gov.au/austlang/language/d33
D34,Bigambul,"Bigambal, Pikambul, Bee gum bul, Beegumbul, Begumble, Bigabul, Bigambel, Bigumble, Bigunbil, Peekumble, Pickimbul, Pickum bul, Pickumbil, Pickumble, Picum bul, Picumbill, Pikambal, Pikum bul, Pikumbal, Pikumbil, Pikumbul, Pikumpal, Preagalgh, Pregalgh, W",NSW,-28.14139289,150.174827,https://collection.aiatsis.gov.au/austlang/language/d34
D37,Gunggari,"Kunggari, Congaro, Coongurri, Goon garee, Goongurri, Gungari, Kogai, Kogurre, Kokaburra, Koongerri, Koonkerri, Koonkurri, Kungeri, Kungri, Kunkari, Kunngkari, Kuungkari, Ngaragari, Tarawalla, Torraburri, Ungerri, Unggari, Unggri, Unghi, Ungorri, Yangeber",QLD,-27.36809848,146.9602124,https://collection.aiatsis.gov.au/austlang/language/d37
D38,KOGAI,"Benhedore, Jabulajabula, Kogai, Narinari, Ngarimawuru, Yabula Yabula, Yabulayabula, Gogai, Mandandanji, Kunggari, Barunggam, Mundaeinbura, Mundainbara, Cogai, Fishing Net people, Unggari, Kungeri, Kungri, Ungorri, Gungari, Gunggari, Goon garree, Coongurr",QLD,-27.42337859,147.9422236,https://collection.aiatsis.gov.au/austlang/language/d38
D39,Gawambaraay,"Coo in bur ri, Gawambarai, Ginniebal, Goinberai, Guinberai, Guinbrai, Juwalarai, Kawambarai, Kawamparai, Koinbere, Koinberi, Koinberri, Kwambarai""Mole tribe"", Mooran Mooran, Waholari, Walarai, Walari, Warlarai, Weraerai, Weraiari, Wiraiarai, Wirra:arai,","NSW,QLD",-28.6219307,150.3248956,https://collection.aiatsis.gov.au/austlang/language/d39
D4,Wadi Wadi,"Wati Wati, Biangil, Dacournditch, Darty Darty, Nimp mam wern, Ta ta thi, Ta tathi, Taa tatty, Tar tarthee, Tatatha, Tataty, Tatitati, Tunggut, Wadiwadi, Wathiwathi, Wathi Wathi, Watiwati, Wattewatte, Watthiwatthi, Watty watty, Wattywatty, Withaija, Woani","NSW,VIC",-35.0866431,143.3704571,https://collection.aiatsis.gov.au/austlang/language/d4
D40,Barunggam,"Wakawaka, Barunggama, Barungam, Parrungoom, Murrumgama, Murrun gama, Murrumningama, Kogai, Gogai, Cogai",QLD,-26.79506641,150.4467729,https://collection.aiatsis.gov.au/austlang/language/d40
D41,Giabal,"Barunggam, Djakunda, Jarowair, Gomaing guru, Gomainggura, Gitabal/Kitabal, Gomaingguru, Gitabal, Paiamba, Giyabal",QLD,-27.69038241,151.7555301,https://collection.aiatsis.gov.au/austlang/language/d41
D42,Margany,"Marrganj, Maranganji, Maranj, Marganj, Marnganji, Marukanji, Murgoan, Murgoin, Murngain, Marngany, Mardigan",QLD,-27.27294762,144.5774105,https://collection.aiatsis.gov.au/austlang/language/d42
D43,Gunya,"Gunja, Kunja, Kunya, Gu:nja, Kurnja",QLD,-26.78474267,146.1613436,https://collection.aiatsis.gov.au/austlang/language/d43
D44,Mandandanji,"Mandandanjdji, Mandandanyi, Mandandandji, Manandanyi, Mundaeinbura, Mundainbara, Kogai, Cogai, Fishing Net people, Maranoa Gunggari, Eastern Gunggari",QLD,-27.01765413,148.5017274,https://collection.aiatsis.gov.au/austlang/language/d44
D45,Wadjalang / Dharawala,"Dharawala, Nguri, Wadjelang, Wadjalany",QLD,-25.63531758,145.2718665,https://collection.aiatsis.gov.au/austlang/language/d45
D46,Nguri,"Gnoree, Ngoorie, Njoorie",QLD,-25.60232388,147.8023772,https://collection.aiatsis.gov.au/austlang/language/d46
D47,PaaRuntyi,"Paaruntyi, Paakantyi, Barundji, Naualko, Parundji, Baarundji, Paruindji, Paruindi, Paruinji, Pa roinge, Barungi, Barinji, Bahroonjee, Baroongee, Bahroongee, Barrengee, Parooinge, Barunga",NSW,-29.45822263,144.3145896,https://collection.aiatsis.gov.au/austlang/language/d47
D48,Parrintyi,"Paakantyi, Barrindji, Bandjigali, Barindji, Barundji, Paruindi, Paruinji, Parooinge, Barungi, Barinji, Bahroonjee, Barongee, Barrengee, Barunga, Berri ait, Paru, Paroo, Bpaaroo, Bpaaroon jee",NSW,-32.81793804,143.5271058,https://collection.aiatsis.gov.au/austlang/language/d48
D49,Kungakuri,Gungaguri,"NSW,QLD",-29.10545282,146.3952077,https://collection.aiatsis.gov.au/austlang/language/d49
E36,Goeng Goeng,"Guweng Guweng, Coonine, Goeng, Maroonee, Meeroni, Daribalang >Goeng goeng, Goonine, Guweng, Yungkono, GurangGurang, Meerooni, Wide Bay tribe, Yamma",QLD,-24.26688582,151.6816877,https://collection.aiatsis.gov.au/austlang/language/e36
D5,Barababaraba,"Baraba Baraba, Baraba baraba, Baraparapa, Barappur, Bareber Bareber, Barraba barraba, Barrababarraba, Birraba birraba, Boora boora, Boorabirraba, Booraboora, Boort, Burabura, Burappa, Burapper, Burrabura ba, Burraburburaba, Burreba burreba, Karraba, Bera","NSW,VIC",-35.6737029,144.6113764,https://collection.aiatsis.gov.au/austlang/language/d5
D50,Nuntukuri,Nunduguri,"NSW,QLD",-29.87173109,145.9524418,https://collection.aiatsis.gov.au/austlang/language/d50
D51,Purukuri,Buruguri/Baderugali,"NSW,QLD",-29.72039488,144.2664624,https://collection.aiatsis.gov.au/austlang/language/d51
N116.M,Malardordo,,,,,https://collection.aiatsis.gov.au/austlang/language/n116.m
D54,Yuwaalayaay,"Yuwaaliyaay, Euahlayi, Kamilaroi, Gamilaroi, Guyinbaray, Juwalarai, Ualarai, Walarai, Weraerai, Wirajarai, Yuwaalaraay, Yualyai, Ualari, Yualarai, Uollaroi, Yualai, Yerraleroi, Yuwalyay, Yualeai, Yualloroi, Yowaleri, Youallerie, Yualari, Yowairi, Yuolary",NSW,-29.60440833,147.5403442,https://collection.aiatsis.gov.au/austlang/language/d54
Y145,Waigur,"Aragu, Agwulgu",,,,https://collection.aiatsis.gov.au/austlang/language/y145
D55,Waalaraay,"Walaraay, Kamilaroi, Walarai, Euahlayi, Gamilaroi, Guyinbaray, Juwalarai, Ualarai, Weraerai, Wirajarai","NSW,QLD",,,https://collection.aiatsis.gov.au/austlang/language/d55
D56,Muringam,"Wakawaka, Barungam, Barunggam, Cogai, Gogai, Kogai, Murrumgama, Murrumningama, Murrungama, Parrungoom, Murrum ningama",,,,https://collection.aiatsis.gov.au/austlang/language/d56
D57,Weraeria,"Wirairai, Wallaroi, Wolroi, Walro, Wolaroi, Wullaroi",,,,https://collection.aiatsis.gov.au/austlang/language/d57
D58,Jeithi,"Yeidthee, Pikkolatpan",NSW,-35.51201017,145.9813226,https://collection.aiatsis.gov.au/austlang/language/d58
D59,Milpulo,"Danggali, Milpulko, Mailpurlgu, Mamba",NSW,-31.80848785,142.4141657,https://collection.aiatsis.gov.au/austlang/language/d59
D6,Marrawarra,"Paakantyi, Marawara, Maraura, Bandjigali, Berlko, Berri ait, Ilaila, Mara:wara, Mareaura, Mareawura, Marewera, Maroura, Marowera, Marowra, Marraa Warree, Waimbio, Wiimbaio, Wiimbo, Wimbaja, Jakajako, Yaakoyaako, Waimbo, Wiimpaya, Mare aura, Beriko","NSW,SA",-33.6663629,141.4486458,https://collection.aiatsis.gov.au/austlang/language/d6
D6.1,Kureinji,"Keramin, etc, Gureinji, Karin, Kerinma, Karinma, Karingma, Orangema, Kemendok, Pintwa, Gure:ndji, Gurendji, Kureinyi, Kareingi, Ka rinma, Grangema, Garnghes, Kinenekinene, Kianigane, Jungeegatchere",NSW,-34.23140408,142.4216531,https://collection.aiatsis.gov.au/austlang/language/d6.1
D60,Wirriwirri,Wiriwiri,,,,https://collection.aiatsis.gov.au/austlang/language/d60
D61,Southern Paakantyi,"Paakantyi, Baagandji, Darling, Southern Baagandji, Bagundji, Barkindji, Barkinji, Barkungee, Bahkunji, Bahkunjy, Parkungi, Parkengee, Bakanji, Bakandi, Bargunji, Southern Bagundji, Barkinjee, Barkunjee, Pakindji, Pa:kindzi, Bakandji, Barkinghi, Par kenge",NSW,-32.72158778,142.5650997,https://collection.aiatsis.gov.au/austlang/language/d61
D62,Canberra language,Nyamudy,ACT,-35.47495744,148.9984957,https://collection.aiatsis.gov.au/austlang/language/d62
D63,Northern Dharawal,"Geawegal, Gwegal, Gwiyagal, Gweagal, Guyagal",,,,https://collection.aiatsis.gov.au/austlang/language/d63
D64,Northern Anaiwan,,NSW,-30.12755232,151.4762715,https://collection.aiatsis.gov.au/austlang/language/d64
D65,Wirraayaraay,"Wiraiari, Weraerai, Wiraiarai, Weraiari, Wirri Wirri, Wirraarai, Warlarai, Wolroi, Wolleri, Waho lari, Wolaroo, Walarai, Juwalarai, Walari, Wolaroi, Woo laroi, Ginniebal, Mooran Mooran",NSW,-32.09839624,148.58653,https://collection.aiatsis.gov.au/austlang/language/d65
D66,Wirraay-Wirraay,"Wirayaraay, Wiriwiri, Wiri Wiri, Weraerai, Wirraiarai, Wiraiarai, Weraiari, Wirri Wirri, Wirraarai, Warlarai, Wolroi, Wolleri, Waho lari, Wolaroo, Walarai, Juwalarai, Walari, Wolaroi, Woo laroi, Ginniebal, Mooran Mooran",QLD,-28.21952692,148.197097,https://collection.aiatsis.gov.au/austlang/language/d66
D67,Wadi Wadi (Piangil),,,,,https://collection.aiatsis.gov.au/austlang/language/d67
D68,Burabura,,,,,https://collection.aiatsis.gov.au/austlang/language/d68
D69,Himberrong,,,,,https://collection.aiatsis.gov.au/austlang/language/d69
D7,Yitha Yitha,"Jitu Jitu, Yida Yida, Bayangil, Eetha Eetha, Eethanaeetha, Eethee Eethee, Eethie Eethie, i7a Yida, Ita ita, Itaiithi, Itaita, Ithi ithi, Iti iti, Jida Jida, Jitajita, Tjuop, Yetho, Yit tha, Yitha, Yitsa, Ithiithi, Eethaeetha, Yitayita",NSW,-33.87318608,143.9409128,https://collection.aiatsis.gov.au/austlang/language/d7
D70,Inuwon,,,,,https://collection.aiatsis.gov.au/austlang/language/d70
D8,Mutti Mutti / Muthi Muthi,"Madhi Madhi, Madi Madi, Bakiin, Mataua, Matimati, Matthee matthee, Moorta Moorta, Mudhi Mudhi, Muthimuthi, Muti muti, Muttee Muttee, Madimadi, Mutte Mutte, Madi madi, Kulin",NSW,-33.75315605,142.7217453,https://collection.aiatsis.gov.au/austlang/language/d8
D9,Nari Nari,"Narinari, none",NSW,-34.41868713,144.4000271,https://collection.aiatsis.gov.au/austlang/language/d9
E1,Geawegal,"Garewagal, Geawagal, Geawe gal, Gweagal, Gweawegal, Gwegal, Keawaikal, Keawekal, Kawawaykal",NSW,-32.51979857,151.211697,https://collection.aiatsis.gov.au/austlang/language/e1
N134,Wan.gurri,"Wan, gurri, Dhangu, Wanguri, Wonguri, Wan:guri",NT,,,https://collection.aiatsis.gov.au/austlang/language/n134
E10,Yaygirr^,"Kumbainggar, Gumbainggir, Jiegera/Yaygir, Baanbay, Banbai, Gamlamang, Jiegera, Kumbainggiri, Yaygir, Yuungay, Jeigir, Ji:gara, Jireigir, Jungai, Yaegl, Yegera, Yegir, Yiegera, Youngai",NSW,-29.68672297,153.1878436,https://collection.aiatsis.gov.au/austlang/language/e10
E11,Yugambal,"Yugambal: Ngarrabul, Ngarrbal, Ngarabal, Kwiambal, Jugambal, Jukambal, Jukambil, Marbul, Narbul, Ngarabul, Ngarrabul, Pregalgh, Ucumble, Ukumbil, Yacambal, Yirimbil, Yoocomble, Yoocumbill, Yookambul, Yookumbil, Yookumbill, Yookumble, Yookumbul, Yucomble,",NSW,-29.75744124,151.0501143,https://collection.aiatsis.gov.au/austlang/language/e11
E12,Bundjalung^,"Bandjalang, Arakwal, Badjulung, Banjalang, Birihn, Dinggabal, Geinyan, Gidabal, Jukambal, Jukambe, Kalibal, Keinjun, Kitabal, Minjunbal, Ngarahgwal, Nyangbal, Wahlubal, Widjubal, Wiyabal, Wudjehbal, Yugambeh, Badjalang, Badjelang, Bandjalong, Bandjelang,",NSW,-29.25126135,153.0751537,https://collection.aiatsis.gov.au/austlang/language/e12
E13,Arakwal,"Aragwal, Arakawal, Coo al, Gundurima, Jahwun Jere, Jawjumjeri, Kagung, Kahwul, Kogung, Lismore tribe, Naiang, Njung, Nyung, Tugurimba, Yawkum yore, Gundurimba, Jawhumjeri, Yawkum yere",,,,https://collection.aiatsis.gov.au/austlang/language/e13
E14,Gidhabal,"Githabul, Gidabal, Bandjalang, Kidabal, Kidjabal, Kita bool, Kittabool, Kitabool, Kitapul, Gidabul, Gidjoobal, Kuttibul, Noowidal",NSW,-28.50105723,152.3203455,https://collection.aiatsis.gov.au/austlang/language/e14
E15,Galibal,"Galival, Kalibal, Moorung moobar, Murwillumbah","NSW,QLD",-28.53326435,152.866814,https://collection.aiatsis.gov.au/austlang/language/e15
E15.1,Wiyabal,,NSW,-28.73261528,153.2361098,https://collection.aiatsis.gov.au/austlang/language/e15_1
E16,Wiyabal,"Wudjeebal, Buggula, Ettrick tribe, Noowidal, Nowgyjul, Waibra, Wailbra, Watchee, Watji, Widjabal, Widje, Wijabal, Wuje, Wudjebal",NSW,-29.30802878,152.2282249,https://collection.aiatsis.gov.au/austlang/language/e16
E16.1,Dinggabal,,NSW,-28.73775281,152.2844378,https://collection.aiatsis.gov.au/austlang/language/e16.1
E16.2,Wahlubal,"Waalubal, We:labal, Welabal, Baryugal",NSW,-28.88761184,152.5079219,https://collection.aiatsis.gov.au/austlang/language/e16_2
E17,Yugambeh,"Yugumbir, Yugambal, Chepara, Chipara, Cudgingberry, Gando Minjang, Gandowal, Gendo, Gindobal, Goodjingburra, Jugambal, Jugambeir, Jugumbir, Jukam, Jukamba, Jukambe, Manaldja:li, Minjambuta, Minjangbal, Minjungbal, Minyambuta, Minyowa, Minyung, Mogul lumb",QLD,-28.09452769,152.981256,https://collection.aiatsis.gov.au/austlang/language/e17
E18,Minyangbal,"Minjangbal, Yugambal, Minjanbal, Boggangar, Minyowa, Minyung, Wangerriburra, Minjungbal, Gendo, Gando Minjang, Gan dowal, Ngandowul, Cudgingberry, Cood jingburra","NSW,QLD",-28.55438964,153.4981194,https://collection.aiatsis.gov.au/austlang/language/e18
E19,Jandai,"Janday, Coobenpil, Djandai, Djandawal, Djendewal, Dsandai, Goenpul, Jendairwal, Jundai, Koenpal, Koenpel, Noogoon, Tchandi, Tschandi, Quandamooka",QLD,-27.77289008,153.3991044,https://collection.aiatsis.gov.au/austlang/language/e19
E2,Warrimay,"Warimi, Worimi, Gringai, Gadang, Kattang, Kutthung, Gutthan, Warrimee, Warrimi, Warrimay tribe, Molo, Bahree, Karrapath, Carapath, Warrangine, Wannungine",NSW,-32.48684113,151.9969464,https://collection.aiatsis.gov.au/austlang/language/e2
E20,Duungidjawu,"Wakawaka, Dungidjau, Dalla, Ngoera, Jarbu, Jinibara, Jinibarra, Djunggidjau",QLD,-26.97314864,152.5741404,https://collection.aiatsis.gov.au/austlang/language/e20
E73,Casino language,,NSW,-28.85403056,152.9873744,https://collection.aiatsis.gov.au/austlang/language/e73
E21,Moondjan,"Nunagal, Moonjan, Yuggera, Nunukul, Gowar, Jagara, Koenpul, Ngugi, Turrubul, Yagara, Gundjun, Koko Kuntjan, Koko wansin, Kokoyan, Koonjan, Kundjan, Kundjin, Kunjen, Kunjin, Mundjan, Ngundjan, Noonuccal, Noonuckle, Noonukul, Nununkul, Okundjain, Nunungal,",QLD,-27.47215729,153.4690786,https://collection.aiatsis.gov.au/austlang/language/e21
E22,Ngoera,"Wakawaka, Kaiabara, Njalbo, Dalla, Gayabara, Dalambara, Dallanbarah, Ngoera for Dalla, Kaia, Cooyar Range, Mount, Kaibara, Koiabara, Cooyarbara, Kaiyabora, Kia bara, Bujibara, Bujiebara, Booy ieburra, Buijibara, Bujibada for Kaiabara",QLD,-27.0690521,152.3593426,https://collection.aiatsis.gov.au/austlang/language/e22
E39,Wadjigu,"Wadja, Wadju, Maudalgo, Wadjainggo, Waindjago, Wainggo, Wainjago, Wainjigo, Wadya, Watjigu",QLD,-24.80852364,148.5733526,https://collection.aiatsis.gov.au/austlang/language/e39
E23,Yuggera,"Yugara, Yagara, Yuggera, Gowar, Jagara, Koenpul, Ngugi, Nunukul, Turrubul, Biriin, Djanda, Jagarabal, Jandai, Jergarbal, Jinibara, Jinibarra, Nighi, Terabul, Torbul, Turibul, Turrbal, Turrubal, Turubul, Yackarabul, Yagarabal, Yagarabul, Yaggara, Yerongba",QLD,-27.70854514,152.5468407,https://collection.aiatsis.gov.au/austlang/language/e23
K62,Bayimbarr,,NT,-15.63267112,127.9739165,https://collection.aiatsis.gov.au/austlang/language/k62
E24,Buyibara,"Bujibada, Buyibada, Kaiabara, Kaia, Cooyar Range, Mount, Kaibara, Koiabara, Cooyarbara, Kaiyabora, Kia bara, Bujibara, Bujiebara, Booy ieburra, Buijibara",QLD,-27.22108106,152.9281923,https://collection.aiatsis.gov.au/austlang/language/e24
E25,Dalla,"Dala, Mooloola, Dalleburra, For Dalla as a cover term  Dalla, Ngoera, Jarbu, Jinibara, Jinibarra, Djunggidjau, For Dalla horde  Dalambara, Dallanbarah",QLD,-26.77542365,152.6684343,https://collection.aiatsis.gov.au/austlang/language/e25
E26,Guwar,"Yuggera, Gowar, Jagara, Koenpul, Ngugi, Nunukul, Turrubul, Yagara, Booroo geen merrie, Chunchiburri, Coowar, Gnoogee, Gooar, Goowar, Gowr burra, Guar, Mugee, Nooghi, Wodji, Wogee, Quandamooka",QLD,-27.16768654,153.4003411,https://collection.aiatsis.gov.au/austlang/language/e26
E27,Djagunda,"Djakunda, Barunggam, Giabal, Jarowair, Dakundair/Dakundeir/Djakunda, Djakanda, Djaka nde, Dakundair",QLD,-26.05034841,150.8351369,https://collection.aiatsis.gov.au/austlang/language/e27
E28,Wakka Wakka^,"Waga Waga, Wakawaka, Waka Waka, Bujiebara, Dungibara, Dungidau, Garumga, Garumngar, Kaiabara, Enibura, Gowrburra, Koolaburra, Mungar, Nukunukubara, Wa, Wabar, Waa, Wacca Wacca, Wackar, Waka, Wakar, Wakka, Wakka wakka, Wakkar, Wakkawakka, Waku wuka, Wapa,",QLD,-26.45133412,151.903029,https://collection.aiatsis.gov.au/austlang/language/e28
E29,Gubbi Gubbi,"Gabi Gabi, Dippil, Dallambara, Dowarbara, Dulingbara, Kabi Kabi, Nalbo, Undanbi, Cabbee, Cabee, Carby, Carby carbery, Dhapil, Dhipil, Dipple, Doon dooburra, Doondoora, Dowarburra, Dundu:ra, Dundubara, Gabi, Gabigabi, Kabbi, Kabi, Kabikabi, Kahby, Karabi,",QLD,-26.0056033,152.6675373,https://collection.aiatsis.gov.au/austlang/language/e29
E3,Biripi,"Birpai, Birpay, Worimi, Birbay, Biripi, Biribi, Birippi, Birrapee, Birripai, Birripi, Bripi, Brippai, Waw wyper, Biribai, Birrbay, Gathang, Kattang",NSW,-31.64695142,152.134016,https://collection.aiatsis.gov.au/austlang/language/e3
E30,Butchulla,"Batjala, Badjala, Badtjala, Ngulungbara, Badjela, Patyala, Badtala, Batyala, Badyala, Bidhala, Dulingbara, Thoorgine for Batjala, Olongbura, Gnoolongbara, Koolaburra for Ngulungbara",QLD,-25.33722004,153.0328201,https://collection.aiatsis.gov.au/austlang/language/e30
E31,Yiman,"Jiman, Emon, Iman, Jimun, Nimmi, Yimun, Yeeman, Yiiman",QLD,-25.58902937,149.5770984,https://collection.aiatsis.gov.au/austlang/language/e31
E32,GOORENG GOORENG,"Gureng Gureng, Goeng, Koreng Goreng, Taribulung, Tulua, Corine, Curang Curang, Curang gurang, Goonine, Goorang Goorang, Gurang, Gurang Gurang, Kooranga, Koreng, Koreng Koreng, Korenggoreng, Korrengkorreng, Korrlup, Kuriny, Kurranga, Maroonee, Meeroni, Me",QLD,-24.90480069,151.790315,https://collection.aiatsis.gov.au/austlang/language/e32
E33,Taribelang,"Gureng Gureng, Taribulung, Goeng, Koreng Goreng, Tulua, Daribelum, Darpil, Ginginburra, Taribeleng, Tarribelung, Wokka, Wokkari, Yawai, Yawaim, Daribalang >Goeng goeng, Daribalang",QLD,-24.80733136,152.0388992,https://collection.aiatsis.gov.au/austlang/language/e33
E35,Gungabula,"Kongabula, Gongabula, Khungabula, Khungabulal, Kungalburra, Ongabula",QLD,-25.59957324,148.6437252,https://collection.aiatsis.gov.au/austlang/language/e35
E74,Warwick dialect,,,,,https://collection.aiatsis.gov.au/austlang/language/e74
E37,Bidjara / Bidyara,"Pitjara, Bidjera, Bithara, Bitjara, Minkabari, Peachera, Peechera, Pitteroo, Wilya, Bitharra",QLD,-24.90318659,147.1213069,https://collection.aiatsis.gov.au/austlang/language/e37
E38,Garaynbal,"Garanjbal, Garingbal, Karingbal, Kainbul, Kaingbul, Kanalloo, Kanoloo, Kanolu, Karingbool, Karranbal, Karranbal; man",QLD,-23.33016135,149.1337003,https://collection.aiatsis.gov.au/austlang/language/e38
G11,Wonganya,Wonganja,,,,https://collection.aiatsis.gov.au/austlang/language/g11
E4,Ngaku,"Ngaagu, Dainggatti, Dainggati, Dhan gadi, Dunghutti, Thungutti, Ngagu, Niungacko",NSW,-31.06953469,152.9340119,https://collection.aiatsis.gov.au/austlang/language/e4
E40,Gangulu,"Kaangooloo, Kangulu, Kanolu, Cangoolootha, Gangu, Kangalo, Kangool lo, Khangalu, Kongalu, Konguli, Kongulu, Khang, Ghangulu, Ka ngool lo",QLD,-24.18606975,150.151432,https://collection.aiatsis.gov.au/austlang/language/e40
E80,Wehlubal,"Baryulgil, Wiribi",NSW,-29.22442551,152.5517802,https://collection.aiatsis.gov.au/austlang/language/e80
E41,Tulua,"Dappil, Gureng Gureng, Goeng, Koreng Goreng, Taribulung, Dulua, Toolooa, Dandan, Narung",QLD,-24.38985217,150.9990002,https://collection.aiatsis.gov.au/austlang/language/e41
E42,Baiali,"Bayali, Byellee, Bajali, Bayelle, Biele, Bieli, Byelle, Byellel, Orambul, Urambal",QLD,-23.64369074,150.8852368,https://collection.aiatsis.gov.au/austlang/language/e42
E43,Yagalingu,"Jagalingu, Auanbura, Kokleburra, Owanburra, Kowanburra, Wagalbara, Wakelbara, Wakelburra, Wakelbura",QLD,-23.156858,146.6329386,https://collection.aiatsis.gov.au/austlang/language/e43
E44,Gayiri,"Kairi, Bimurraburra, Gahrarja, Kararya, Kari, Khararya, Khararya; Kaira Gara Gara, Ara Ara, man",QLD,-23.79398017,147.8977311,https://collection.aiatsis.gov.au/austlang/language/e44
E45,Gabulbarra,"Gabulbara, Gabalbara, Kabalbara, Kabelbara, Kaiabara, Yettimaralla, Gabelbara, none",QLD,-22.86863759,148.7252279,https://collection.aiatsis.gov.au/austlang/language/e45
E46,DARUMBAL,"Darambal, Bayali, Darumbal, Jetimarala, Kooinmurburra, Ningebul, Taroombul, Warrabul, Yetimaralla, Dharumbal, Tharumbal, Darawal, Tarumbal, Tarumbul, Charumbul, Ta rum bal, Tarrombal, Tarambol, Tarm bal, Warabal, Warrabal, Ningebal, Rockhampton dialect,",QLD,-22.71568351,150.0600456,https://collection.aiatsis.gov.au/austlang/language/e46
E47,Wangan,"Wierdi, Wan gan, Babbinburra",QLD,-22.79716328,147.6085897,https://collection.aiatsis.gov.au/austlang/language/e47
E48,Baradha,"Barada, Thar ar ra burra, Tha ra ra burra, Toolginburra, man",QLD,-21.98238387,148.9252572,https://collection.aiatsis.gov.au/austlang/language/e48
E49,Guwinmal,"Kuinmabara, Kungalburra, Gunmal, Koi, Koinbal, Kooinmerburra, Kuinmurbura, Kungmal, Kweembul, Kwiambal, Kwigalburra, Mamburra, Queenbullaquieumble, Gunymal, Gonjmal, Kuinmur bura, Koinjmal",QLD,-22.2796681,149.7961573,https://collection.aiatsis.gov.au/austlang/language/e49
E5,Ngambaa,"Ngaku, Niungacko, Ngamba, Ngambarr, Ngambar, Ngeunbah",NSW,-30.81513541,152.8904795,https://collection.aiatsis.gov.au/austlang/language/e5
E50,Miyan,"Mian, Koombokkaburra, Munkibura, Munkieburra, Oncooburra, Pegulloburra, Wokkelburra, Wokkulburra, Peghullaburra, Woccullaburra, Monkeyburra, Pegullo burra",QLD,-21.812523,146.1838164,https://collection.aiatsis.gov.au/austlang/language/e50
E51,Yambina,"Jambina, Jampa:l, Jampal, MutholburraNarboo Murre, Yambeena, Narboo Murre, Muthoburra",QLD,-22.31402258,147.4752732,https://collection.aiatsis.gov.au/austlang/language/e51
E52,Yangga,"Jangga, Yanga, Durroburra, Dorobura",QLD,-20.92842179,147.2562885,https://collection.aiatsis.gov.au/austlang/language/e52
E53,Baranha,"Barna, Ba:na, Parnabal, Barnya",QLD,-22.080577,148.198529,https://collection.aiatsis.gov.au/austlang/language/e53
E54,Yuwi,"Yuwi, Juipera, Toolginburra, Yuipera, Juwibara, Yuibera, Yuwiburra, Yuwibarra, Yuwibara",,,,https://collection.aiatsis.gov.au/austlang/language/e54
E75,Nyangbal,Njangbal,NSW,-28.92150486,153.4217926,https://collection.aiatsis.gov.au/austlang/language/e75
E55,Yilba,"Ilba, Eneby, Jilba, Moothaburra, Mungera, Mungerra, Munkeeburra, Pagulloburra, Pegulloburra, Yakaburra, Yuckaburra, Yukkaburra, Yuckaburra  this is a local group name, Mootha burra",QLD,-20.76682112,146.0479805,https://collection.aiatsis.gov.au/austlang/language/e55
E56,Biri^,"Birigaba, Biria, Wiri, Biragaba, Birri Gubba, Biriaba, Breeaba, Perembba, Perenbba",QLD,-20.50810089,147.9886074,https://collection.aiatsis.gov.au/austlang/language/e56
E57,Wiri,"Wirri, Widi, Biri, Biria, Gongolo, Widi, Wierdi, Wirdi, Witi",QLD,-21.29857522,148.7037816,https://collection.aiatsis.gov.au/austlang/language/e57
E58,Giya,"Bumbarra, Gia, Ngaro, Ngaru, Bumbara, Bumburra Burra, Kia, Bumburra",QLD,-20.40181799,148.4629209,https://collection.aiatsis.gov.au/austlang/language/e58
N136,Yithuwa,"Jatuowe, Jiduwa, Yitua",NT,,,https://collection.aiatsis.gov.au/austlang/language/n136
E59,Ngaro,"Giya, Ngaro/Ngaru, Gia, Ngaru, Googaburra, Ngalangi, Nguro, Island tribe",QLD,-20.29547471,148.9347367,https://collection.aiatsis.gov.au/austlang/language/e59
E81,Jarowair,"Barunggam, Djakunda, Giabal, Yarrowair, Yarow wair, Yarrow Wair",QLD,-27.21168959,151.6777654,https://collection.aiatsis.gov.au/austlang/language/e81
E6,Dhanggati / Dunghutti^,"Dunghutti, Dhanggatti, Djan gadi, Thangatti, Dyangadi, Dainggatti, Dainggati, Dhan gadi, Ngaku, Thungutti, Dangadi, Danggetti, Dhangatty, Thangatty, Dangati, Tangetti, Burgadi, Boorkutti, Dhanggadi, da?ati, Djangadi, Dunggudi, Thungatti, Djaingadi, Dang",NSW,-30.90641545,152.4169227,https://collection.aiatsis.gov.au/austlang/language/e6
E60,Gudjal,"Warungu, Gudjala, Gudjali, Koochul bura, Kutjala",QLD,-19.70754326,145.4359956,https://collection.aiatsis.gov.au/austlang/language/e60
E61,Bindal,"Lower Burdekin, Nyawaygi, Bendalgubber, Bindel, North Murri",QLD,-19.56356855,147.1105586,https://collection.aiatsis.gov.au/austlang/language/e61
E62,Yuru,"Mouths of the Burdekin River, Nyawaygi, Arwur angkana, Euronbba, Juru, Mal Mal, Malmal, South Murri, Arwur angkana",QLD,-19.82716687,147.6745532,https://collection.aiatsis.gov.au/austlang/language/e62
E63,Yetimarala / Yetimarla,"Bayali, Darumbal, Jetimarala/Yetimaralla, Jetimarala, Kooinmurburra, Ningebul, Taroombul, Warrabul, Yetimaralla, Ja:mba, Yaamba, Yetti maralla, Taruin bura",QLD,-22.8938418,149.4836174,https://collection.aiatsis.gov.au/austlang/language/e63
E64,Ganulu,"Kanolu, Kanoloo, Kanalloo",QLD,-23.65544718,149.0109623,https://collection.aiatsis.gov.au/austlang/language/e64
E65,Mandalgu,,QLD,-24.46598501,149.3824338,https://collection.aiatsis.gov.au/austlang/language/e65
E66,Yugarabul,Yuggarabul,QLD,-27.27760979,153.0252578,https://collection.aiatsis.gov.au/austlang/language/e66
E67,Gathang^,"Gadjang, Kattang, Worimi, Gadhang, Gadang, Molo, Bahree, Karrapath, Carapath, Warrangine, Wannungine, Birrbay, Warrimay",NSW,-31.98263684,152.4155795,https://collection.aiatsis.gov.au/austlang/language/e67
E68,Ngarbal,"Ngarabal, Yugambal, Kwiambal, Ngarrabul/ Ngoorabul/ Ngarbu, Ngarabul, Ngarrabul, Narbul, Marbul, Ngrapol",NSW,-29.5277933,151.7814606,https://collection.aiatsis.gov.au/austlang/language/e68
E69,Nulla Nulla,"Dainggati, Djaingadi, Dang getti, Danghetti, Danggadi, Dhang atty, Thangatti, Thangatty, Dangati, Dangadi, Yuungai, Yunggai, Tangetti, Tang gette, Burugardi, Burgadi, Boorkutti, Amberu, Himberrong, Jang, Yung",,,,https://collection.aiatsis.gov.au/austlang/language/e69
E7,Gumbaynggirr,"Gumbaynggir, Kumbainggar, Gumbainggir, Baanbay, Banbai, Gamlamang, Jiegera, Kumbainggiri, Yaygir, Yuungay, Bellingen tribe, Bellinger tribe, Cambanggarie, Coombagoree, Coombangree, Coombargaree, Coombyngara, Coombyngura, Coombyugura, Cumbainggar, Guinbai",NSW,-30.08764301,152.4456876,https://collection.aiatsis.gov.au/austlang/language/e7
E70,Burrgati,"Dyangadi, Burgadi, Burugadi",NSW,-30.42236063,151.9407368,https://collection.aiatsis.gov.au/austlang/language/e70
E71,Baryulgil,,,,,https://collection.aiatsis.gov.au/austlang/language/e71
E72,Birihn,Biriin,NSW,-29.0479589,152.8588681,https://collection.aiatsis.gov.au/austlang/language/e72
E76,Mununjali,"Yugambal, Manaldjali, Manaldjahli, Mununjali, Munaljali",QLD,-28.12654313,152.9146985,https://collection.aiatsis.gov.au/austlang/language/e76
E77,Nerang Creek,Kombumerri,NSW,-28.08259432,153.2407725,https://collection.aiatsis.gov.au/austlang/language/e77
E78,Nganduwal,"Ngahnduwal, Gurgun Mibinyah",NSW,-28.35155366,153.303607,https://collection.aiatsis.gov.au/austlang/language/e78
E79,Ngarahgwal,"Ngara:ngbal, Ngarangbal, Gurgun Mibinyah, Ngarahngwal, Kombumerri",NSW,-27.88614455,153.327907,https://collection.aiatsis.gov.au/austlang/language/e79
E8,Baanbay,"Kumbainggar, Gumbainggir, Baanbay/Banbai, Banbai, Gamlamang, Jiegera, Kumbainggiri, Yaygir, Yuungay, Ahnbi, Babnbi, Baanbay Ahnbi, Dandai, Bahnbi",NSW,-30.05901234,152.1110868,https://collection.aiatsis.gov.au/austlang/language/e8
N142,Marrakulu,"Dhuwal, Marragulu, Marrakula, Maragulu, Duwal",NT,,,https://collection.aiatsis.gov.au/austlang/language/n142
E82,Wapabara,Woppaburra,QLD,-23.19138657,150.9668473,https://collection.aiatsis.gov.au/austlang/language/e82
E83,Rakiwara,,QLD,-23.06916223,150.7806859,https://collection.aiatsis.gov.au/austlang/language/e83
E84,Karunbara,,QLD,-23.53207334,150.1000323,https://collection.aiatsis.gov.au/austlang/language/e84
E85,Gambalamam,Crowley,NSW,-30.37844644,152.6714792,https://collection.aiatsis.gov.au/austlang/language/e85
E86,Turrbal,"Turrbal, Thurawal, Turrubul, Durubulic, Jagara, Undanbi, Turrbul, Turrabul, Toorbal, Tarabul, Jagarabal, Jergarbal, Yagara, Yaggara, Yuggara, Yugg ari, Yackarabul, Turrbal, Turrubal, Terabul, Tor bul, Turibul, Yerongban, Yeronghan, Ninghi, Yerongpan, Bir",QLD,-27.50740343,153.0519336,https://collection.aiatsis.gov.au/austlang/language/e86
E87,Dungibara,"Waka Waka, Bujiebara, Dungidau, Garumga, Garumngar, Kaiabara, Dalla, Doongibarra, Doongiburra",QLD,-27.20096995,152.5522455,https://collection.aiatsis.gov.au/austlang/language/e87
E88,Garumngar,"Waka Waka, Bujiebara, Dungibara, Dungidau, Garumga, Kaiabara, Dalla, Garumu?ar, Garumnga, Garumgma",QLD,-27.35303324,152.6951351,https://collection.aiatsis.gov.au/austlang/language/e88
E89,Wuli Wuli,"Wuli Wuli, Wuliwuli, Wuli wuli, Wulili, Wilili, Wililililee, Willillee, Wulli Wulli, Wulilli",QLD,-25.30333447,150.6355846,https://collection.aiatsis.gov.au/austlang/language/e89
E9,Yunggaya,"Gumbainggir, Yuungay, Baanbay, Banbai, Gamlamang, Jiegera, Kumbainggiri, Yaygir, Ju:ngai, Yiegera, Jeigir, Yegera, Youngai, Jungai",NSW,-29.46378932,153.2157736,https://collection.aiatsis.gov.au/austlang/language/e9
E90,Nalbo,"Gubbi Gubbi, Dallambara, Dowarbara, Dulingbara, Kabi Kabi, Undanbi, Dalla, Ngalbu, Njalbo, Nalboo",QLD,-26.76927823,152.885895,https://collection.aiatsis.gov.au/austlang/language/e90
E91,Marbal,,NSW,-29.11350479,151.8740972,https://collection.aiatsis.gov.au/austlang/language/e91
E92,Ngarabal,,NSW,-29.48567462,152.6828852,https://collection.aiatsis.gov.au/austlang/language/e92
E93,Baddala,,,,,https://collection.aiatsis.gov.au/austlang/language/e93
E94,Undanbi,"Gubbi Gubbi, Dallambara, Dowarbara, Dulingbara, Kabi Kabi, Nalbo, Ngundanbi, Undumbi, Oondumbi, Mooloola, Turrubul, Turrbul, Churrabool, Djindubari, Djuadu bari, Jooaduburrie, Bo oobera, Dippil",,,,https://collection.aiatsis.gov.au/austlang/language/e94
E95,Guringay,"Gringai, Gathang, Guringai",NSW,-32.51345793,151.699335,https://collection.aiatsis.gov.au/austlang/language/e95
E96,Wudjebal,,,,,https://collection.aiatsis.gov.au/austlang/language/e96
E98,Nymboidan,,,,,https://collection.aiatsis.gov.au/austlang/language/e98
E99,Yirraygirr,,NSW,,,https://collection.aiatsis.gov.au/austlang/language/e99
G1,Wangkamanha / Wankamadla,"Lhanima, Tharlimanha, Wangga Manha, Wangkamana, Julaolinja, Lanima, Rungarungawa, Wangka yutjuru, Wongkadjera, Ju:lanja, Ju:lanji, Jura, Talimana, U la linya, U la linye, U lay linye, Ulaolinja, Ulaolinya, Uluonga, Wanggamala, Wanggamanha Wangkamana, Wan","NT,QLD",-24.33080067,137.4244147,https://collection.aiatsis.gov.au/austlang/language/g1
G10,Warluwarra^,"Warluwara, Warluwarra, Waluwara, Didjadidja, Elookera, Kapula, Maula, Maule, Mauula, Pangara, Panggara, Paringgara, Walgra, Wallawarra, Waloo kera, Walookera, Walugara, Walugera, Walukara, Wlookera, Wolga, Wollegara, Wollegarra, Yannalinka, Yunnalinka, W",QLD,-21.76218641,138.4285574,https://collection.aiatsis.gov.au/austlang/language/g10
G12,Ayerrerenge,"Bularnu, Jaroinga, Yaroinga, Jaroinga; Jurangka, Manda, Yaringa, Yarroinga, Yarrowin, Yorrawinga, Jaroinga; Jarionga, Yaro inga, Yarrowinga, Juruwinga, Yaruwinga, Ayerrerenge, Yorrowinga, Yuruwinga, Yaruwinga, Bulanja, Bulanu, Jarionga, Jurangka, Pulanja",QLD,-21.39381083,137.4154269,https://collection.aiatsis.gov.au/austlang/language/g12
G12.1,Bularnu,"Warluwarra Bularnu, Yindjilandji, Bulanu, Manda, Pulanja, Bulanja","NT,QLD",-20.65668866,138.2747458,https://collection.aiatsis.gov.au/austlang/language/g12.1
G13,Kalkatungu / Kalkadoon,"Kalkutungu, Kalkutung, Kalkutungu, Calcadoon, Galgadung, Galgadunga, Galgadungu, Kalkadoona, Kalkadun, Kalkadung, Kalkadunga, Kalkaladoona, Kalkatongo, Kalkatunga, Kulkadoon, Kulkadoona, Kulkodone, Mantaba, Roongkari, Rungkari, Kalka donna",QLD,-20.88651298,139.8900199,https://collection.aiatsis.gov.au/austlang/language/g13
G14,Indjilandji,"Yindjilandji, Indjilandji; Inchalachee, Inchalanchee, Indjilindji, Indjurandji, Indkilindji, Injilinji, Intjilatja, Indjilinji; Inchalachee, Indilandji, Indjilinji, Gulbilangu, Inchalanchi, Indjiladji, Injeelanjee, Intyilatya, Intjilantji; Gulbilangu, In","NT,QLD",-19.32705207,137.4623768,https://collection.aiatsis.gov.au/austlang/language/g14
G15,Wakabunga,"Workoboongo, Kabikabi, Wagabunga, Waggaboonyah, Waggabundi, Wake bunge, Wakobungo, Waukaboonia, Workabunga, Wakapunga, Worgabunga, Wurgabunga",QLD,-19.53889197,139.0648189,https://collection.aiatsis.gov.au/austlang/language/g15
G16,Mayi-Thakurti / Mitakoodi,"Maykulan, Mittakoodi, Taithakari, agurdi, Maidakadi, Maidhagari, Maidhaggaria, Maidhagudi, Maioakui, Maioakuri, Maitakeidi, Maitakudi, Maithagudi, Maithakari, Maithakudi, Majadhagudi, Mayatagoori, Mayatagoorri, Maydhagurdi, Maytagoori, Mit, Mitagurdi, Mi",QLD,-19.94687087,140.6895015,https://collection.aiatsis.gov.au/austlang/language/g16
G16.1,Wunumara,"Maykulan, Wunamara, Oonoomurra, Wanamara, Quippen bura, Unamara, Woonamurra, Woonomurra, Wunamora",QLD,-20.91311258,141.8532552,https://collection.aiatsis.gov.au/austlang/language/g16.1
G17,Ngawun,"Ngewin, Naungaun, Nga:wun, Ngaon, Ngaun, Nounun, Nouun",QLD,-19.80268514,141.9628637,https://collection.aiatsis.gov.au/austlang/language/g17
G18,Midjamba,"Mbara, Mitjamba, Kumbulmara, Midyamba",QLD,,,https://collection.aiatsis.gov.au/austlang/language/g18
G19,Nguburinji,"Nguburindi, Ganggalida, Naungaun, Nga:wun, Ngoborindi, Ngoboringi, Ngoborundji, Nounun, Nouun, Obor indi, Oborindi, Oboroondi, Ngorborundji",QLD,-18.53363767,139.0357774,https://collection.aiatsis.gov.au/austlang/language/g19
G2,Ulaolinya,"Yurla Yurlanja, Ulaolinya, Lhanima, Tharlimanha, Wangga Manha, Pitta Pitta, Lanima, Ulaolinja, Ju:lanja, Ju:lanji, Yoolanlanya, U la linya, U la linye, U lay linye, Uluonga, Jura",QLD,,,https://collection.aiatsis.gov.au/austlang/language/g2
G20,Mayi-Yapi,"Maykulan, Maijabi, Maiabi, Maippe, Majabi, Mayapi, Mayappe, Miappe, Miappi, Miubbi, Miulbi, Myabi, Myappa, Myappe, Mayabi, Miuibi",QLD,-19.07564608,140.4472208,https://collection.aiatsis.gov.au/austlang/language/g20
G21,Mbara,"Ambara, Mitjamba, Balgalu, Bargal",QLD,-19.84989287,143.3951331,https://collection.aiatsis.gov.au/austlang/language/g21
G22,Balgalu,"Walangama, Bugulmara, Boogoolmurra, Barrgul",QLD,,,https://collection.aiatsis.gov.au/austlang/language/g22
G23,Waanyi,"Waanji, Garawa, Wanyi, Wanyee, Wanee, Waangyee, Wonyee","NT,QLD",-18.31324164,137.6208706,https://collection.aiatsis.gov.au/austlang/language/g23
G24,Mayi-Kutuna,"Mayaguduna, Maikudunu, Marago, Mayi Yali, Maigudina, Maigudung, Maikudung, Mayagudunu, Maygudan, Mygoodan, Maikudun, Mikoodoono, Mygoodano, Mayagoondoon, Mika doon, Mikoolun",QLD,-19.12082465,139.8962502,https://collection.aiatsis.gov.au/austlang/language/g24
G25,Mayi-Kulan,"Maykulan, Mayi kulan, Maikulan, Maigudina, Maigudung, Maigulung, Maikolon, Maikudun, Maikudung, Maikudunu, Maikulung, Makulu, Mayagoondoon, Mayagulan, Mayhulan, Miccoolin, Micoolan, Mikadoon, Mikkoolan, Mikoodoono, Mikoolun, Mycoolon, Mygoodan, Mygoodano",QLD,-18.78035758,141.8124153,https://collection.aiatsis.gov.au/austlang/language/g25
G26,Mingginda,"Minkin, Mingin, Min Gin, Mingir, Minikin, Myngeen",QLD,-18.022513,139.5527314,https://collection.aiatsis.gov.au/austlang/language/g26
G28,Kukatj,"Gugadj, Kalibamu, Marago, Gudadj, Gudadji, Gugady, Gugatj, Kokatj, Kukatji, Gugadji, Kukatja, Kukatyi, Konggada",QLD,-18.13210146,140.3651155,https://collection.aiatsis.gov.au/austlang/language/g28
G29,Gundara,"Kok Narr, Kok Nhang, Kundar, Koknar, Gog nar, Kwantar, Kokinari, Koko Nar, Koko Nari, Kokonari, Kuk Nar, Kuku Nar, Kwanthar, Kok  Nar, Gugu Nar, Gugu Nhang, Kwantari, Gog Nar, Kundara, Kuantari, Goondarra, Wangara, Wanggara, Kokowanggara, Kokawan gar, Ko",QLD,-16.05243479,141.8155884,https://collection.aiatsis.gov.au/austlang/language/g29
G3,Kunkalanya,"Kunkalanja, Pitta Pitta, Kungkalenya, Kunkulenje, Koonkoolenya, Koomkoolenya, Koon kalinga, Koonkalinye",QLD,-23.6376703,139.2879856,https://collection.aiatsis.gov.au/austlang/language/g3
G30,Ganggalidda,"Kangkalita, Ganggalida, Jokula, Yakula, Jugul, Jugulda, Jogula, Jokala, Jokul, Jokal, Iukala, Yukula, Yookala, Eugoola, Jungulda, Kanggaleida, Yangarella, Engarilla",,,,https://collection.aiatsis.gov.au/austlang/language/g30
G31,Gkuthaarn,"Kuthant, Karaldi, Gudanda, Gudhanda, Gudhand, Guandhar, Kareldi, Karundi, Karunti, Kurandi, Ka rantee, Karrandi, Karrandee, Gar und yih, Karun, Gooran, Kotanda, Kutanda, Goothanto",QLD,-17.36881657,141.1150622,https://collection.aiatsis.gov.au/austlang/language/g31
G32,Garandi,"Karrandee, Karundi, Garandji, Kareldi, Karindhi, Karanti, Karunti, Kurandi, Ka rantee, Karrandi, Gar und yih, Karun, Gooran, Kotanda, Kutanda, Goothanto",QLD,,,https://collection.aiatsis.gov.au/austlang/language/g32
G33,Kurtjar,"Gunggara, Gurdjar, Kunggara, Araba, Areba, Rib, Cudjeral, Curjur, Gilbert River tribe, Goom gharra, Gunggara, Koonkurri, Kortyera, Kuritjari, Kutjar, Ungorri, Kurrtjarr, Kurtijar",QLD,-16.74729771,141.4175524,https://collection.aiatsis.gov.au/austlang/language/g33
G34,Yukulta / Ganggalidda,"Lardil, Yakula, Jugul, Jugulda, Jogula, Jokala, Jokul, Jokal, Iukala, Yukula, Yookala, Eugoola, Jungulda, Kanggaleida, Yangarella, Engarilla, Gangulida, Kangkalita",QLD,-17.34123181,138.7513171,https://collection.aiatsis.gov.au/austlang/language/g34
G35,Kayardild,"Gayardilt, Kaiadilt, Bentinck Islanders, Gaiardilt, Gaja, dilt, Gajadild, Gajardild, Gajardilt, Gaya, Gayadilt, Kaiadil, Kaiadilt Madunun, Maldanunda, Malununda, Malununde, Mardunung, Marlanunda, Gayardild, Guyadilt, Madunun, Kayardilt",QLD,-17.03057864,139.4892236,https://collection.aiatsis.gov.au/austlang/language/g35
G36,Walangama,"Bugulmara, Karan, Wahlongman, Wallankammer, Wallenkammer, Wollangama, Wollongurmee, Wallan kammer",QLD,-17.88573416,141.9347315,https://collection.aiatsis.gov.au/austlang/language/g36
G37,Yangkaal,"Gananggalinda, Balumbant, Janggal, Janggaral, Janggaralda, Janggura, Mangaralda, Nemarang, Njangga:l, Jangaralda",QLD,-16.90490667,138.9811434,https://collection.aiatsis.gov.au/austlang/language/g37
G38,Lardil,"Lardiil, Layardilda, Damin, Demin, Demiin, Gunana, Jungarl, Kare wa, Kunana, La:dil, Ladil, Laierdila, Lardi:i, Lardill, Leedil, Mornington Island tribe, Nemarang",QLD,-16.56431398,139.4588913,https://collection.aiatsis.gov.au/austlang/language/g38
G39,Ogerliga,,,,,https://collection.aiatsis.gov.au/austlang/language/g39
G4,Rakaya,"Pitta Pitta, Rakkaia, Rukkia",QLD,-23.42426015,140.1372183,https://collection.aiatsis.gov.au/austlang/language/g4
G40,Ngulupulu,"Pitta Pitta, Karanya, Karenya, Kurrana, Mooraboola Moorloobulloo, Ngulubulu, Ooloopooloo",SA,-24.05636975,139.8175719,https://collection.aiatsis.gov.au/austlang/language/g40
G41,Parnkarra,"Warluwara, Barngara",QLD,-21.26027755,138.8104555,https://collection.aiatsis.gov.au/austlang/language/g41
G42,Dhidhani,"Dhidhanu, Yindjilandji","NT,QLD",-20.47735321,138.262116,https://collection.aiatsis.gov.au/austlang/language/g42
G43,Kapula,"Warluwara, Gabula",QLD,-22.13275818,138.5961317,https://collection.aiatsis.gov.au/austlang/language/g43
G44,Mayi-Yali,"Mayi Kutuna, Maikudunu, Marago, Mayali",QLD,-18.94153793,139.7478626,https://collection.aiatsis.gov.au/austlang/language/g44
G45,Marrago,"Kukatj, Marago, Mayi Kutuna, Kalibamu, Maikudunu, Mayi Yali, Ngarra",QLD,-18.2705876,140.1666418,https://collection.aiatsis.gov.au/austlang/language/g45
G46,Bundjil,"Bundyil, Bandjil",QLD,,,https://collection.aiatsis.gov.au/austlang/language/g46
G47,Jangrala,,QLD,-17.85144584,138.682737,https://collection.aiatsis.gov.au/austlang/language/g47
G5,Wangka-Yutjurru^,"Wangka yutjuru, Wanggamanha, Wongkadjera/Wangka yutjuru, Julaolinja, Lanima, Rungarungawa, Wongkadjera, Wangkadjera, Wanggadjara, Wanggayudyuru, Wangka jutjuru, Wonkajara, Wonkatyeri, Wonkoyara",QLD,-22.88173627,138.5657301,https://collection.aiatsis.gov.au/austlang/language/g5
G50,Kok Nhang,"Gugu Nhang, Kon Nhang, Koko-Nhang, Kuuk-Nhang",QLD,,,https://collection.aiatsis.gov.au/austlang/language/g50
G51,Baringkirri,,,,,https://collection.aiatsis.gov.au/austlang/language/g51
G52,Indjiladji,,,,,https://collection.aiatsis.gov.au/austlang/language/g52
G53,Lanima,,,,,https://collection.aiatsis.gov.au/austlang/language/g53
G6,Pitta Pitta,"Pitha Pitha, Karanja, Kungkalenja, Pitapita, Rakkaia, Ringaringa, Bida Bida, Bidabida, Bitta Bitta, Bittha Bittha, Narrinyeri, Paruru, PittaPitta, Pittapitta, Ramindjerar, Ramindjeri, Ramingara, Raminjeri, Raminyeri, Ramong, Rormear, Tarbanawalun, Wangka",QLD,-22.62842257,139.7247443,https://collection.aiatsis.gov.au/austlang/language/g6
G7,Ringu Ringu,"Pitta Pitta, Ringaringa, Karanja, Kungkalenja, Pitapita, Rakkaia, Njuntauntaya, Oringaroo, Ringa, Ringa Oringaroo, RingaRinga, Ringa Ringa, Ringa ringaroo, Ringoringo, Ringu ringu, Ringuringu, Runga Rungawah, Rungo Rungo, Yuntauntaya, Ringa Ringaroo",QLD,-22.87928251,140.2647726,https://collection.aiatsis.gov.au/austlang/language/g7
G8,Yalarnnga,"Yalarrnga, Jalanga, Jalannga, Wonganja, Yalannga, Yelina, Yellanga, Yellunga, Yallunga, Jalarnnga, Yalarnga",QLD,-21.8218442,139.7132708,https://collection.aiatsis.gov.au/austlang/language/g8
G9,Yanda,"Jangaa, Janda, Yunda",QLD,-22.08473631,140.7388174,https://collection.aiatsis.gov.au/austlang/language/g9
G9.1,Guwa,"Goa, Koa, Goamulgo, Coa, Coah",QLD,-22.03693923,142.3193515,https://collection.aiatsis.gov.au/austlang/language/g9.1
K1,Yawuru,"Yawur, Djauor, Jauor, Jawuru, Yawoorroo, Gawor, Jaoro, Jauro, Jauur, Kakudu Kakudu, Nawudu, Yaora, Yaoro, Yaoru, Yaroro, Yauera, Yauor, Yauro, Yawur, Yawuri, Yawurr",WA,-17.94389329,122.6253004,https://collection.aiatsis.gov.au/austlang/language/k1
K10,Warrwa,"Kimberley Area Languages, Warwa, Kolaruma, Warrwai, Waruwa, Warwai, Wa:rwa",WA,-17.27598142,124.013626,https://collection.aiatsis.gov.au/austlang/language/k10
K11,Walki,"Walgi, Kija, Gidja, Kitja, Kuluwarrang, Lungga",WA,-17.84614056,127.0630252,https://collection.aiatsis.gov.au/austlang/language/k11
K12,Jaru,"Djaru, Jaruru, Jaroo, Djaro, Jarroo, Jarrou, Jarrau, Charrau, Jaruo, Djara, Deharu, Njining, Njinin, Nyinin, Nining, Neening, Meening, Ka:biri, Karbery, Kodjangana, Ruby Creek tribe, Karjaganujaru people",WA,-18.51728972,128.2275775,https://collection.aiatsis.gov.au/austlang/language/k12
K13,Nyulnyul,"Njul Njul, Kimberley Area Languages, Nyulnyul, Njulnjul, Ngulnyul, Niol Niol, Njolnjol, Nyolnyol, Nyool Nyool, NyulNyul, Nyul nyul, Yowera",WA,-17.02802875,122.7057293,https://collection.aiatsis.gov.au/austlang/language/k13
K14,Unggumi,"Worora, Ong Komi, Wongkomi, Ongaranjan, Ungumi, Ungami, Ngarangari, Worrorran, Ungkami",WA,-17.08878137,124.8691177,https://collection.aiatsis.gov.au/austlang/language/k14
K15,Bardi,"Baardi, Baard, Baada, Ba:d, Ba:di, Baad, Bad, Bard, Barda, Board",WA,-16.66816392,122.9022574,https://collection.aiatsis.gov.au/austlang/language/k15
K16,Jawi,"Djawi, Djaui, Towahi, Tohawi, Ewenu, Ewenyoon, Chowie, Djaw, Djau, Djaoi, Tohau i, Ewanji, I:wanja",WA,-16.4424157,123.2675777,https://collection.aiatsis.gov.au/austlang/language/k16
K17,Worrorra,"Worora, Jaudibaia, Maialnga, Worara, Wororra, Worrara, Wurara, Wo`rora, Worrora, Wurora, Wurura, Variants of the language name:, Yangibaia, Kularri/Gularri south westerners, Woddordda",WA,-15.62132645,124.8758709,https://collection.aiatsis.gov.au/austlang/language/k17
K18,Ngarinyin,"Ngarinyin, Ungarinjin, Guwij, Munumburru, Ngarinjin, Ngarnawu, Wilawila, Wolyamidi, Andedja, Andidja, Angarinjin, Arawari, Arkarinjindja, Arkarrinyinjia, Gular, Ingarinjindja, Kandjalngari, Marangana, Molyamidi, Narrinyina, Narrinyind, Narrinyindi, Ngari",WA,-16.00384906,126.0054329,https://collection.aiatsis.gov.au/austlang/language/k18
K19,Guwij,"Guwidj, Orla, Ngarinyin, Guidj, Worrorran",WA,-15.28945962,127.0496627,https://collection.aiatsis.gov.au/austlang/language/k19
N116.N,Mandatja,"Manaidja, Manatja, Manadja, Djangu",NT,,,https://collection.aiatsis.gov.au/austlang/language/n116_n
K2,Jugun,"Jukun, Dyugun, Djugun, Djurgun, Djukan, Jukan, Djugan, Tjugun, Tjukun, Djukun, Tjugan, Tjunung, Kularrabulu, Jukannganga",WA,-17.78656019,122.4450455,https://collection.aiatsis.gov.au/austlang/language/k2
K20,Gija / Kija,"Kitja, Lunga, Lungga, Gidja, Kuluwarrang, Walgi, Djarak, Djerag, Gidj, Gidya, Guidj, Guwidji, Gwidji, Keha, Kidja, Kiej, Kisah, Kisha, Kityu, Kutji, Kuitj, Kuitji, Kutnalawaru, Kwitj, Langgu, Longga, Loonga, Lungar, Lungu, Miwa, Paljarri, Tjarak, Walki,",WA,-17.4239872,127.3910508,https://collection.aiatsis.gov.au/austlang/language/k20
K21,Wanyjirra,"Wanjdjirra, Gurinji, Wandjira, Wadshara, Manu, Manoo",WA,-18.10586567,129.7059148,https://collection.aiatsis.gov.au/austlang/language/k21
K22,Wunambal,"Wunambul, Unambal, Jamindjal, Jarmindjal, Kanaria, Laiau, Peremanggurei, Unambalnge, Wanambal, Wardana, Winjai, Wonambul, Wumnabal, Wunambullu, Wunambulu, Kularri/Gularri south westerners, Wulanggu, Wunambal ngarri, Worrorran",WA,-14.87939571,125.4637639,https://collection.aiatsis.gov.au/austlang/language/k22
N143,Djarn,Dyarn,,,,https://collection.aiatsis.gov.au/austlang/language/n143
K23,Andedja,"Andadjin, Kimberley Area Languages, Andajin, Worla, Ola, Walajangarri, Andidja, Kular, Andidja/Andidjara, Ngarinjin, Wilawila, Wandidja, Wulandidja, Andidjari, Gular, Ungarinjin, Unarinjin, Warnarinjin, Angarinjin, Wangarinjinu, Arawari, Ingarinjindja, N",WA,-17.34859646,126.1280783,https://collection.aiatsis.gov.au/austlang/language/k23
K24,Waladjangari,"Waladjangarri, Worla, Walajangarri, Andajin, Ola, Ngarinjin, Waladjangari/Wuladja, Wo:la, Wola, Wula, Woladjangari, Woolaja, Walandjari, Wolmardai, Waringari, Oladjau, Ngarangari, Ngalangari, Ngaiangari, Wardia, Worrorran",,,,https://collection.aiatsis.gov.au/austlang/language/k24
K25,Munumburu,"Munumburru, Ngarinyin, Guwij, Ngarinjin, Ngarnawu, Ungarinjin, Wilawila, Wolyamidi, Wilawiila, Wular:, Taib, Wulu, Taibange, Munumbara, Kalari:, Andedja, Andidja, Andadja, Piarngongo, Kundjanan, Kandjanan, Ullumbuloo, Worrorran",WA,-15.27784587,127.5277025,https://collection.aiatsis.gov.au/austlang/language/k25
K26,Wolyamidi,"Ngarinyin, Woljamidi, Woljamiri, Molyamidi, Kuluwara, Kulu waran, Guluwarin, Kolaia, Arawari, Arawodi, Yamandil, Worrorran",WA,-15.63688402,127.3644225,https://collection.aiatsis.gov.au/austlang/language/k26
K27,Bemba,"Bembar, Bimba, Forrest River Mission language, Wenambal, Wanum baal, Wembria, Wemrade, Namula, Kulunggulu, Bugai, Jura, Marokorei, Mirray gona, Jan gala, Guragona, Guragoona, Waringnari, Kular, Kulari, Mulngane, Mulgane",,,,https://collection.aiatsis.gov.au/austlang/language/k27
K28,Arawari,"Other Australian Indigenous Languages, Arawarri, Arawodi, Arnga, Woljamidi, Woljamiri, Molyamidi, Kuluwara, Kulu waran, Guluwarin, Kolaia, Yamandil",,,,https://collection.aiatsis.gov.au/austlang/language/k28
K29,Miriwoong / Miriuwung,"Miriwung, Mariu, Miriung, Mariyung, Miriwong, Miriwu, Miriwun, Mirong, Mirriwong, Mirung, Moreng, Mireau",WA,-15.88629735,128.867674,https://collection.aiatsis.gov.au/austlang/language/k29
K3,Nyikina,"Njigina, Nyigina, Dja:ba, Negena, Nigena, Njigana, Njigena, Njikena, Njikini, Nyegena, Nygina, Nyi gini, Nyigini, Tjaba, Wanji, Yeeda, Niggene",WA,-18.25939894,124.0608413,https://collection.aiatsis.gov.au/austlang/language/k3
K30,Malngin,"Gurinji, Gurindji, Kartangarurru, Korindji, Kurintji, Tjial, Wandjira, Maialnga, Mailnga, Malgin, Malngjin, Western","NT,WA",-17.23515381,129.3537164,https://collection.aiatsis.gov.au/austlang/language/k30
K31,Wenambal,"Bemba, Bugai, Guragona, Guragoona, Jangala, Jura, Kular, Kulari, Kulunggulu, Marokorei, Mirray gona, Mulgane, Mulngane, Namula, Wanumbaal, Waringnari, Wembria, Wemrade, Wanum baal, Jan gala",,,,https://collection.aiatsis.gov.au/austlang/language/k31
K32,Yiiji,"Yiidji, Forrest River, Kimberley Area Languages, Wunambal, Yeidji, Jeidji, Yeithi, Gujini, Gwini, Jeithi, Kuini, Kujini, Miwadange, Miwu, Morokorei, Ombalkari, Pikkolatpan, Umbalgari, Waringnari, Yeidthee, Yeeji, Yedji, Bugay, Worrorran",WA,-15.13900438,127.9888676,https://collection.aiatsis.gov.au/austlang/language/k32
K33,Kuluwarrang,"Kitja, Guluwarin, Woljamidi, Woljamiri, Molyamidi, Kuluwara, Kulu waran, Kolaia, Arawari, Arawodi, Yamandil",WA,-16.37711391,127.9778658,https://collection.aiatsis.gov.au/austlang/language/k33
K34,Jiyil,"Gurindji, Tjial, Kartangarurru, Korindji, Kurintji, Malngin, Wandjira, Djial, Jiyilawung, Cheeal, Jael, Jeelowng, Geelowng","NT,WA",-17.21705221,130.5393968,https://collection.aiatsis.gov.au/austlang/language/k34
K54,Marangan,,WA,-17.9700937,122.9971836,https://collection.aiatsis.gov.au/austlang/language/k54
K35,Wilawila,"Ngarinyin, Guwij, Munumburru, Ngarinjin, Ngarnawu, Ungarinjin, Wolyamidi, Andadja, Andedja, Andidja, Kalari, Kandjanan, Kundjanan, Munumbara, Munumburu, Piarngongo, Taib, Taibange, Ullumbuloo, WilaWila, Wular, Wulu, Wila Wila, Wular:, Kalari:, Worrorran",WA,-15.0779801,127.0231169,https://collection.aiatsis.gov.au/austlang/language/k35
K36,Gunin,"Kwini, Kimberley Area Languages, Belaa, Kunan, Pela, Wirngir, Galumburu, Guini, Gwini, Pelah, Wadaja, Walar, Winggir, Wola, Wular, Cuini, Miwa, Konun, Konan, Konin, Gonin, Kaianu, Kianu, Kyanoo, Murgura, Kuna, Kunange, Gunan, Koonange, Mande, Manda, Pago",WA,-14.62684779,127.6671493,https://collection.aiatsis.gov.au/austlang/language/k36
K37,Arnga,"Arawari, Arawodi, Guluwarin, Kolaia, Kuluwara, Kuluwaran, Molyamidi, Woljamidi, Woljamiri, Yamandil, Kulu waran",,,,https://collection.aiatsis.gov.au/austlang/language/k37
K37.1,Gajirrabeng,"Gajirrawung, Kimberley Area Languages, Gadjerawang, Kadjerong, Gadjerong, Gadyerong, Kadjerawang, Kadjeroen, Kadpjeroen, Kajirrawung, Gadyarawang, Gajerong, Ginmu, Kadjarong, Kujera Gajirrawoong  the Mirrawoong name for Gajirrabeng, Gajirrebeng, Kujera",WA,-15.29300696,129.2746936,https://collection.aiatsis.gov.au/austlang/language/k37_1
K38,Mariung,Mariu,,,,https://collection.aiatsis.gov.au/austlang/language/k38
N216,Ngurruwula,,NT,,,https://collection.aiatsis.gov.au/austlang/language/n216
K39,Gaambera,"Gamberre, Gambre, Kambure, Barurungari, Gamgre, Guwan, Kambera, Kamberange, Kambumiri, Kanbre, Purungari, Gambere, Kambre, Kularri/Gularri south westerners, Worrorran",WA,-14.21811415,126.3424611,https://collection.aiatsis.gov.au/austlang/language/k39
K4,Ngumbarl,"Ngombal, Ngormbal, Ngombaru, Ngoombal, Ngormbal Ngormbal, Numbal, Numbanbor, Numbol",WA,-17.51518092,122.4915047,https://collection.aiatsis.gov.au/austlang/language/k4
K40,Gingara,Gingana,,,,https://collection.aiatsis.gov.au/austlang/language/k40
K41,Galamburu,,,,,https://collection.aiatsis.gov.au/austlang/language/k41
K42,Wirngir,,,,,https://collection.aiatsis.gov.au/austlang/language/k42
K43,Worla,"Waladja, Ngarinyin, Andajin, Ola, Walajangarri, Ngaiangari, Ngalangari, Ngarangari, Oladjau, Waladjangari, Walandjari, Wardia, Waringari, Wo:la, Wola, Woladjangari, Wolmardai, Woolaja, Wula, Wulu, Worrorran",WA,-16.42768619,127.21894,https://collection.aiatsis.gov.au/austlang/language/k43
K44,Miwa,"Bagu, Arnhem Land, Daly River Region Languages, Pela, Boola, Caloombooroo, Galumburu, Gonin, Gunan, Kaianu, Kalumbura, Kianu, Konan, Konin, Konun, Koonange, Kuna, Kunange, Kyanoo, Manda, Mande, Manunggu, Manungu, Murgura, Pago, Pelange, Ulangu, Umari, Wa",WA,-14.12730414,127.0418156,https://collection.aiatsis.gov.au/austlang/language/k44
K45,Walar,"Wirngir, Wular, Wola, Wadaja, Winggir",,,,https://collection.aiatsis.gov.au/austlang/language/k45
K46,Manungu,"Miwa, Konun, Konan, Konin, Gonin, Kaianu, Kianu, Kyanoo, Murgura, Kuna, Kunange, Gunan, Koonange, Mande, Manda, Pago, Bagu, Ba:gu, Manunggu, Galumburu, Kalumbura, Caloombooroo, Wulanggur, Ulagu Wulau, Ulangu, Umari, Pela, Boola, Pelange, Walar",,,,https://collection.aiatsis.gov.au/austlang/language/k46
K47,Djerag,"Kitja, Kidja, Gidja, Ku:tji, Kuitji, Kuitj, Gi:dj, Kwitj, Gwidji, Guidj, Guwidji, Kisah, Keha, Kisha, Kityu, Liej, Lungga, Longga, Loonga, Langgu, Lunga, Lungu, Paljarri, Djarak, Tjarak, War ingari, Warrangari, Kutnalawaru, Miwa, Walki",,,,https://collection.aiatsis.gov.au/austlang/language/k47
K48,Julbayi,,WA,-18.19674378,122.5361115,https://collection.aiatsis.gov.au/austlang/language/k48
K49,Umida,"Umiida, Umede, Oomida, Umi:da, Wumide, Umi;da, Umeda, Umidi, Aobidai, Oken, Okat, Okwata, O:ka:ta, O:kada, Worrorran",WA,-16.32278166,123.8597133,https://collection.aiatsis.gov.au/austlang/language/k49
K5,Bunuba,"Bunaba, Punuba, Punaba, Booneba, Boonooba, Bunapa, Kunamba, Punamba, Punapa, Punupa, Buniba, Bunuban",WA,-17.72474079,125.6051687,https://collection.aiatsis.gov.au/austlang/language/k5
K50,Doolboong,"Dulbung, Tulpung, Du:l°ari, Duulngari, Kurramo, Dulngarri, Pokai, Kanjai, Wardaia, Wardai, Wardia",WA,-15.03641569,128.4571656,https://collection.aiatsis.gov.au/austlang/language/k50
K51,Wawarl,,WA,-18.27033506,127.8501016,https://collection.aiatsis.gov.au/austlang/language/k51
K52,Ngarnawu,"Ngarinyin, Guwij, Munumburru, Ngarinjin, Ungarinjin, Wilawila, Wolyamidi, Nganau, Nganaw, Worrorran",WA,-16.18764992,127.2888469,https://collection.aiatsis.gov.au/austlang/language/k52
L15,Karenggapa,"Garanggaba, Karengappa, Karrengappa, Kurengappa, Karengapa","NSW,QLD",-29.17570723,142.66888,https://collection.aiatsis.gov.au/austlang/language/l15
K53,Yawijibaya,"Yawidjibara, Yawuru, Yawijibara, Worora, Jaudjibaia, Jaudibaia, Jaudjibara, Jawdjibaia, Jawdjibara, Yaudjibara, Yaudjibaia, Alternative names:, Jawadjag, Winjawindjagu, Yawjibarra, Yaujibaia, Jawutjubar, Jadjibaia, Jaudji bara, Jadjiba, Bergalgu, Montgom",WA,-16.03065673,124.1487546,https://collection.aiatsis.gov.au/austlang/language/k53
K55,Unggarrangu,"Unggarangi, Ongkarango, Obagooma, Worrorran, Unggarranggu",WA,-16.69360094,123.6706818,https://collection.aiatsis.gov.au/austlang/language/k55
K56,Winjarumi,"Windjarumi, Djaruma, Worrorran",WA,-15.30243643,124.259401,https://collection.aiatsis.gov.au/austlang/language/k56
K57,Ginan,,,,,https://collection.aiatsis.gov.au/austlang/language/k57
K58,Barunjin,,,,,https://collection.aiatsis.gov.au/austlang/language/k58
K59,Gulunggulu,"Wenambal, Worrorran",,,,https://collection.aiatsis.gov.au/austlang/language/k59
K6,Gooniyandi,"Guniyandi, Guniyan, Gunian, Gunijan, Konejandi, Kunian, Cowrana, Goonien, Gunan, Guniandi, Gunin, Gunyari, Konajan, Konean, Konejanu, Koneyandi, Kunan, Kuniandu, Wadeawulu, Guniyan, Gun ian, Wadea wulu, Bunuban family",WA,-18.59096991,126.179024,https://collection.aiatsis.gov.au/austlang/language/k6
K60,Mailnga,,,,,https://collection.aiatsis.gov.au/austlang/language/k60
K61,Wulamban,,,,,https://collection.aiatsis.gov.au/austlang/language/k61
N217,Buwarrpuwarr,,NT,,,https://collection.aiatsis.gov.au/austlang/language/n217
K63,Giwajbem,,NT,-16.30951329,128.2513676,https://collection.aiatsis.gov.au/austlang/language/k63
K64,Andajin,Worrorran,,,,https://collection.aiatsis.gov.au/austlang/language/k64
K67,Eastern Bunuba,,,,,https://collection.aiatsis.gov.au/austlang/language/k67
K68,Western Bunuba,,,,,https://collection.aiatsis.gov.au/austlang/language/k68
K69,Baard,,,,,https://collection.aiatsis.gov.au/austlang/language/k69
K7,Nyininy,"Njininj, Jaru, Nyinin, Djaro, Jarroo, Jarrou, Jarrau, Charrau, Jaruo, Djara, Deharu, Jaruru, Njining, Njinin, Nining, Neening, Meening, Ka:biri, Karbery, Kodjangana, Ruby Creek tribe",WA,-18.06933983,128.5856727,https://collection.aiatsis.gov.au/austlang/language/k7
K70,Dayiba,,WA,,,https://collection.aiatsis.gov.au/austlang/language/k70
K8,Jabirr Jabirr,"Djabirr Djabirr, Dyaberdyaber, Jabirrjabirr, Djaba Djaba, Djaberadjabera, Djaberdjaber, Djaberadjaber, Djaber Djaber, Djabirdjabir, Tjabartjabara, Tjabirtjabira, Tjabiratjabir",WA,-17.23238857,122.5274129,https://collection.aiatsis.gov.au/austlang/language/k8
K9,Nimanburru,"Nimanbur, Nimanburu, Nimanboorroo, Nimanbor, Nimanboro, Nimanboru, Ninambur, Ninamburu, Wadiabulu, Nimarnbur",WA,-17.26473981,123.1341581,https://collection.aiatsis.gov.au/austlang/language/k9
L1,Narungga/Nharangga,"Nharangga, Narangka, Narangga, Adjabdurah, Adjadura, Adjahdurah, Adjahdural, Moor in nunjie, Murinandji, Nanunga, Naranga, Narrang gu, Narrang u, Narranga, Narrangga, Narranggu, Narrangu, Narunga, Narrunga, Turra, Wallaroo tribe, Nar anga",SA,-34.48186913,137.5910412,https://collection.aiatsis.gov.au/austlang/language/l1
L10,Adnyamathanha,"Adnymathanha, Adjnjamathanha, Adynyamathanha, Adnjamathanha, Jadliaura, Ngudlawara, Wailpi, Walypi, Adnamadana, Adjnjamatana, Adnamatana, Adnjamadana, Adnjamadhanha, Adnjamatana, Adnjamathera, Adnjmadhanha, Adnjnjamathanha, Adyamatana, Andjama Dana, Andy",SA,-30.35021173,138.8825771,https://collection.aiatsis.gov.au/austlang/language/l10
L11,Pirlatapa,"Pilardapa, Biladapa, Pilatapa, Berluppa, Biladepa, Biladhaba, Billidapa, Jarikuna, Pidlatapa, Piladapa, Pilladapa, Pillatapa, Pilliapp, Pillitapa, Pulladapa, Yarrikuna, Biladaba, Bilatappa, Billatapa, Yarri kuna",SA,-29.83938464,140.1004248,https://collection.aiatsis.gov.au/austlang/language/l11
L12,Wadigali,"Wardikali, Wadikali, Evelyn Creek tribe, Nadikali, Wadikali","NSW,QLD,SA",-29.26078824,141.2096483,https://collection.aiatsis.gov.au/austlang/language/l12
L13,ARABANA,"Arabana, Arabana/Wangkangurru, Anna Creek tribe, Arabuna, Arabunna, Arapani, Arapina, Arebana, Arrabonna, Arrabunna, Arubbinna, Jendakarangu, Ngarabana, Nulla, Peake tribe, Rabuna, Urabuna, Urabunna, Urapuna, Urroban, Wangarabana, Wangarabuna, Wangarabun",SA,-28.4169104,136.0837212,https://collection.aiatsis.gov.au/austlang/language/l13
L14,Dhirari,"Dirari, Tirari, Dhirrari, Thirrari, Terari, Dhirrarri",SA,-28.59828909,137.7748382,https://collection.aiatsis.gov.au/austlang/language/l14
L16,Gungadidji,"Birria, Kungadutji, Wangkumara, Kungatutji, Bidia, Kulumali, Marulta, Bundamara, Diraila, Jarumarra, Karendala, Mamwura, Ngandangara, Ngurawola, Punthamara, Thiraila, Wankumara, Gongadidji, Gundadidji, Gundadji, Gungadudji, Gunggadudji, Kunatacheel, Kuna",QLD,-26.35189074,142.0252753,https://collection.aiatsis.gov.au/austlang/language/l16
L17,Dieri,"Diyari, Tirari, Diari, Diyeri, Dieyerie, Deerie, Dieyrie, Dthee eri, Dayerrie, Dickeri, Kunari, Koonarie, Wongkadieri, Wonkadieri, Ti:ari, Urrominna, Jarawurga, Wanggainara",SA,-28.22809102,139.0584151,https://collection.aiatsis.gov.au/austlang/language/l17
L18,Yandruwandha^,"Yandruwandra, Yandruwanhdha, Thayipilthirringuda, Biralipa, Endawarra, Gandruwanda, Innamouka, Jandrawanda, Jandruwalda, Jandruwanda, Jandruwanta, Jandruwunta, Janduruwanda, Jendruwonta, Ngurunta, Yanderawantha, Yanderawartha, Yandra Wandra, Yandrawontha","NSW,QLD,SA",-28.32584186,140.3918776,https://collection.aiatsis.gov.au/austlang/language/l18
L19,Dhiraila,"Ngura, Tereila, Thiralla, Mambanjura, Mamban yura, Mambangura, Mamwura, Ngandangura",QLD,-28.01441455,142.2386919,https://collection.aiatsis.gov.au/austlang/language/l19
N218,Mininggiri,,NT,,,https://collection.aiatsis.gov.au/austlang/language/n218
L2,Nauo / Nawu,"Nhawu, Wirangu, Battara, Gnowoo, Growoo, Hilleri, Kadu, Kartwongulta, Naua, Nawa, Nawo, Ngao, Njao, Njau, Nowo, Wiljaru, Willuro, Kartawon gulta",SA,-33.70399043,135.439736,https://collection.aiatsis.gov.au/austlang/language/l2
L20,Mambangurra,"Ngura, Wangkumara, Mamwura, Bundamara, Diraila, Jarumarra, Karendala, Kungatutji, Ngandangara, Ngurawola, Punthamara, Thiraila, Wankumara, Betharra, Eromarra, Jarumarda, Mambangura, Ngandangura, Ngandanguru, Unda Gnoora, Thereila, Thiralla, Mambanjura, M","NSW,QLD",-28.6016663,141.7630213,https://collection.aiatsis.gov.au/austlang/language/l20
L21,Waidjinga,Wychinga,,,,https://collection.aiatsis.gov.au/austlang/language/l21
L22,Ngamini,"Ngameni, Ominee, A:mini, Agamini, Agaminni, Ahminie, Ahminnie, Amini, Aumine, Aumini, Auminie, Awmani, Gnameni, Ngamani, Ngaminni, Ngnaminni, Uminnie, Aurnini",SA,-26.9437721,138.9611802,https://collection.aiatsis.gov.au/austlang/language/l22
L23,Yawarrawarrka,"Yawarawarga, Yawarawarka, Jauraworka, Jawarawarka, Yaurorka, Yowerawoolka, Janweraworga, Jarawurga, Jaurorka, Jawarawarga, Jawarawonga, Jawaraworga, Yalaurawarka, Yarawuarka, Yarrawaurka, Yarrawoorka, Yarrawurka, Yarroworka, Yauarawaka, Yaurawakka, Yaura",SA,-26.53440658,140.4391338,https://collection.aiatsis.gov.au/austlang/language/l23
L24,Ngurawala,"Ngura, Wangkumara, Ngurawola, Bundamara, Diraila, Jarumarra, Karendala, Kungatutji, Mamwura, Ngandangara, Punthamara, Thiraila, Wankumara, Ngandanina, Ngurawarla",,,,https://collection.aiatsis.gov.au/austlang/language/l24
L25,Wangkumara,"Ngura, Bundamara, Diraila, Jarumarra, Karendala, Kungatutji, Mamwura, Ngandangara, Ngurawola, Punthamara, Thiraila, Wankumara, Balpamadramadra, Jaramarala, Papagunu, Wanggamara, Wanggumara, Wankgumara, Wongkumara, Wonkamara, Wonkamarra, Wonkamura, Wonkam",QLD,-27.57048538,141.8854184,https://collection.aiatsis.gov.au/austlang/language/l25
L26,Punthamara,"Ngura, Wangkumara, Bundamara, Diraila, Jarumarra, Karendala, Kungatutji, Mamwura, Ngandangara, Ngurawola, Thiraila, Wankumara, Bantha murra, Banthamurra, Boontha Murra, Boonthamurra, Bunka Burra, Buntamara, Buntamurra, Buntha burra, Bunthomarra, Puntamar",QLD,-27.34291427,143.5024351,https://collection.aiatsis.gov.au/austlang/language/l26
L27,Wangkangurru,"Arabana/Wangkangurru, Wangganguru, Wanggangurru, Wongkangurru, Gongaru, Kanguru, Ongkongura, Ongkonguru, Partama, Unganoora, Wanganguru, Wangganguri, Wangkanguru, Wingkungira, Wonganguru, Wongganguru, Wonggongaru, Wongkaguru, Wongkanguru, Wongkaooroo, Wo",SA,-25.88626857,137.1817585,https://collection.aiatsis.gov.au/austlang/language/l27
L28,Karangura,"Ngamini, Karanguru, Andrawilla, Kararngura, Kurangooroo, Garanguru","QLD,SA",-25.97487493,138.7338012,https://collection.aiatsis.gov.au/austlang/language/l28
L29,Kunandaburi,"Ngura, Karendala, Kurnanda buri, Kunanda buri",QLD,-26.63472562,142.5938623,https://collection.aiatsis.gov.au/austlang/language/l29
L48,Ngananhina,,"SA,QLD",-26.33916333,140.960083,https://collection.aiatsis.gov.au/austlang/language/l48
L3,Kaurna,"Nantuwara, Adelaide tribe, Coorna, Gaurna, Jaitjawar:a, Karnuwarra, Kaura, Koornawarra, Kurumidlanta, Medaindi, Medaindie, Meljurna, Merelde, Merildekald, Meyu, Midlanta, Milipitingara, Nantuwaru, Nganawara, Padnaindi, Padnayndie, Wakanuwan, Warra, Warra",SA,-34.42714719,138.4084662,https://collection.aiatsis.gov.au/austlang/language/l3
L3.1,Nanduwara,,,,,https://collection.aiatsis.gov.au/austlang/language/l3_1
L30,Ngandangara,"Other Australian Indigenous Languages, Wangkumara, Bundamara, Diraila, Jarumarra, Karendala, Kungatutji, Mamwura, Ngurawola, Punthamara, Thiraila, Wankumara, Ngandangura, Jarumarda, Unda Gnoora, Eromarra",QLD,-26.82346778,143.2389399,https://collection.aiatsis.gov.au/austlang/language/l30
L31,Yarluyandi,"Yaluyandi, Dieri, Jeljendi, Jelujendi, Yarlijandi, Yelyuyendi, Jeljujendi, Yarleeyandee, Yelyayendi, Yarluyardi, Yelyendi",QLD,-25.90446432,139.4987276,https://collection.aiatsis.gov.au/austlang/language/l31
L32,Karanya,"Karanja, Pitta Pitta, Karenya, Kurrana, Mooraboola Moorloobulloo, Ngulubulu, Ooloopooloo",QLD,-24.3855385,139.8671121,https://collection.aiatsis.gov.au/austlang/language/l32
L33,Marula,"Marrulha, Marrula, Dieri, Marulta",QLD,-25.35589258,141.6236496,https://collection.aiatsis.gov.au/austlang/language/l33
L34,Mithaka,"Midhaga, Dieri, Mittaka, Mittuka, Marunga, Marrala, Marranda, Murunuta, Mi daga",QLD,-25.27295934,139.7382964,https://collection.aiatsis.gov.au/austlang/language/l34
Y146,Walboram,,,,,https://collection.aiatsis.gov.au/austlang/language/y146
L35,Karuwali,"Garuwali, Karruwali, Dieri, Karawalla, Gara wali, Kurrawulla, Karorinje, Kuri walu, Goore",QLD,-24.9599361,141.0306774,https://collection.aiatsis.gov.au/austlang/language/l35
L36,Pirriya,"Bidia, Kunggari, Birria, Bidia, Kulumali, Kungadutji, Marulta, Biria, Piria",QLD,-25.49161592,142.4902412,https://collection.aiatsis.gov.au/austlang/language/l36
L37,Gulumali,"Birria, Kulumali, Bidia, Kungadutji, Marulta, Ngulangulandji, Ngulangulanji",,,,https://collection.aiatsis.gov.au/austlang/language/l37
L38,Kungkari,"Kuungkari, Gungari, Koongerri, Yangeeberra, Koonkerri, Kungeri, Yangeberra, Yankibura, Guunggari, Gunggari, Kunggari, Torra burri, Mokaburra, Tarawalla",QLD,-24.53831202,144.2751922,https://collection.aiatsis.gov.au/austlang/language/l38
L39,Wadjabangai,"Wadjabangayi, Inningai, Muttaburra, Kariimari, Kun Gait, KunGait, Wadjabangay",QLD,-24.10558959,145.8108102,https://collection.aiatsis.gov.au/austlang/language/l39
L4,Nukunu,"Other Australian Indigenous Languages, Nugunu, Barutadura, Doora, Eura, Njuguna, Nokunna, Noocoona, Nookoona, Nuguna, Nukana, Nukuna, Nukunna, Nukunnu, Pukunna, Tjura, Tura, Tyra, Tyura, Warra, Wongaidja, Wongaidya, Nu guna",SA,-32.8178302,138.0694391,https://collection.aiatsis.gov.au/austlang/language/l4
L40,Maiawali,"Mayawarli, Majuli, Malintji, Mullinchi, Myorli, Mi, li, Mially, Miouli, Myallee, Myalli, Myoli, Mayawali, Mayuli, Miorli, Maiali, Majawali, Mailly, Myall, Puruga",QLD,-23.41919493,141.5875433,https://collection.aiatsis.gov.au/austlang/language/l40
L41,Iningai,"Inningai, Muttaburra, Wadjabangai, Delleburra, Kana, Mootaburra, Moothaburra, Mutabura, Tateburra, Terreburra, Thararraburra, Yiningayi, Thararrabura, Yiningay, Muta bura",QLD,-23.08563188,144.8746802,https://collection.aiatsis.gov.au/austlang/language/l41
L42,Yirandali,"Yirandhali, Warungu, Dalleburra, Jirandali, Dalebura, Dalleyburra, Irendely, Pooroga, Yerrundulli, Yerrunthully, Yirendali, Dal leyburra",QLD,-21.1570842,144.2829284,https://collection.aiatsis.gov.au/austlang/language/l42
L43,Bidjara,"Ngura, Kullilla, Bitjara, Galali, Kalali, Minkabari, Bithara, Pitteroo, Wilya",QLD,-28.38567517,143.0055259,https://collection.aiatsis.gov.au/austlang/language/l43
L44,Yandjibara,"Yanjdjibara, Kuungkari, Yangeeberra, Gungari, Koongerri",QLD,-24.65633353,145.6108717,https://collection.aiatsis.gov.au/austlang/language/l44
L45,Parlpamardramardra,"Parlpa Mardramardra, Balpamadramadra",QLD,-27.51328333,141.2440087,https://collection.aiatsis.gov.au/austlang/language/l45
L46,Nhirrpi,,SA,-26.95530463,140.8402469,https://collection.aiatsis.gov.au/austlang/language/l46
L47,Matja,,SA,-27.32275325,139.9625406,https://collection.aiatsis.gov.au/austlang/language/l47
N116.H,Djamundja,Djamandja,,,,https://collection.aiatsis.gov.au/austlang/language/n116.h
L49,Marunuda,"Mitaka, Marrunada, Mittaka, Mittuka, Marunga, Marrala, Marranda, Murunuta, Mi daga",QLD,-24.93803946,139.5024115,https://collection.aiatsis.gov.au/austlang/language/l49
L5,Ngadjuri,"Aluri, Alury, Boanawari, Burra Burra, Abercrombie tribe, Doora, Eeleeree, Eura, Hillary, Hilleri, Manu, Manuley, Manuri, Mimbara, Monnoo, Ngadhuri, Ngadluri, Ngaluri, Ngarluri, Weera, Werra, Wiramaya, Wirameju, Wirameyu, Wirra, Wirramaya, Wirramayo, Wirr",SA,-32.93016066,139.0812316,https://collection.aiatsis.gov.au/austlang/language/l5
L50,Midlaliri,Midlaliri,SA,-29.18670533,135.3837715,https://collection.aiatsis.gov.au/austlang/language/l50
L51,Mikiri-nganha,Mungathirri nganha from the high sandhills,"SA,NT",-25.73018833,137.1438555,https://collection.aiatsis.gov.au/austlang/language/l51
L52,Wangkakupa,Pularingunganha,SA,-28.91430688,136.1604381,https://collection.aiatsis.gov.au/austlang/language/l52
L53,Piltapalta,Pilta Palta,SA,-27.72217266,136.025876,https://collection.aiatsis.gov.au/austlang/language/l53
L54,Wangkatyaka,"Wanggadjaga, Marlu-papu-nganha, Karla-nganha, Wangkaytari, Wangkaytara, Southern Wongkonguru",SA,-27.49453191,137.5854732,https://collection.aiatsis.gov.au/austlang/language/l54
N219,Manggurra,"Diakui, Ma?gurra, Manggura",NT,,,https://collection.aiatsis.gov.au/austlang/language/n219
L55,Wailpi,"Adnyamathanha, Adnjamathanha, Jadliaura, Ngudlawara, Walypi, Adnamadana, Adjnjamatana, Adnamatana, Adnjamadana, Adnjamadhanha, Adnjamatana, Adnjamathera, Adnjmadhanha, Adnjnjamathanha, Adyamatana, Andjama Dana, Andyamatana, Anjamatana, Anjamutina, Anjima",SA,-30.94840196,138.5829907,https://collection.aiatsis.gov.au/austlang/language/l55
L56,Yarrumada,"Ngura, Ngandangura, Jarumarda, Unda Gnoora, Eromarra",QLD,-25.97429989,143.8487024,https://collection.aiatsis.gov.au/austlang/language/l56
L57,Minkabari,"Ngura, Kullilla, Bitjara, Galali, Kalali, Mingabari, Bithara, Pitteroo, Wilya",QLD,-28.87314392,142.6017432,https://collection.aiatsis.gov.au/austlang/language/l57
L59,Mundanbara,,,,,https://collection.aiatsis.gov.au/austlang/language/l59
L6,Barngarla,"Banggarla, Bangalla, Arkaba tura, Ba:Nggala, Ba:njgala, Bahanga la, Bahngala, Bangala, Banggala, Barngarla, Bungeha, Bungala, Bungela, Kooapidna, Kooapudna, Kortabina, Pangkala, Pankala, Pankalla, Pankarla, Parkalla, Parn kal la, Parnkala, Punkalla, Punk",SA,-32.6883657,136.8100904,https://collection.aiatsis.gov.au/austlang/language/l6
L60,Ngura Wota,,,,,https://collection.aiatsis.gov.au/austlang/language/l60
L61,Kadli,,,,,https://collection.aiatsis.gov.au/austlang/language/l61
L62,Malintji,"Maiawali, Majuli, Mullinchi, Myorli, Mullinchie",QLD,-23.53445817,142.9528968,https://collection.aiatsis.gov.au/austlang/language/l62
L63,Thura / Yura,"Jura, Thura, Adnjamadhanha-Gujani, Yura",,,,https://collection.aiatsis.gov.au/austlang/language/l63
L64,Parpagunu,,,,,https://collection.aiatsis.gov.au/austlang/language/l64
L65,Ngurunta,"Runta, Runda",SA,-30.73320256,140.4828535,https://collection.aiatsis.gov.au/austlang/language/l65
L66,Parlpakurnu,,QLD,-26.2572411,143.0398934,https://collection.aiatsis.gov.au/austlang/language/l66
L67,Eastern Wangkangurru,,QLD,,,https://collection.aiatsis.gov.au/austlang/language/l67
L68,Wangkumara,,,,,https://collection.aiatsis.gov.au/austlang/language/l68
L69,Northern Dhirari,,,,,https://collection.aiatsis.gov.au/austlang/language/l69
L7,Yadliawara,"Yardliyawara, Adnyamathanha, Jadliaura, Adnjamathanha, Ngudlawara, Wailpi, Walypi, Aluri, Alury, Arabatura, Arkaba tura, Arkabatura, Eura, Jadlijawara, Jadloori, Wonoka, Yadliaura, Yadlikowera, Yadliyawarra, Yadlouri, Yaldikowera, Yadliura, Yardliwarra,","NSW,SA",-31.09778577,139.8040762,https://collection.aiatsis.gov.au/austlang/language/l7
L70,Southern Dhirari,,,,,https://collection.aiatsis.gov.au/austlang/language/l70
L8,Malyangapa,"Maljangapa, Malyangaba, Ngurunta, Bulali, Bulalli, Karikari, Malgaaljangaba, Malja:pa, Maljanapa, Maljangaba, Malya napa, Malyanapa, Malyapa, Malynapa, Milya uppa, Milyauppa, Muliaarpa, Mullia arpa, Multyerra, Mulya napa, Mulya nappa, Mulyanapa, Mulyanap",NSW,-30.55622095,141.5672758,https://collection.aiatsis.gov.au/austlang/language/l8
L9,Kuyani,"Guyani, Cooyiannie, Gujani, Kijani, Kiyani, Koonarie, Kooteeuna, Kooteeunna, Kooyeeunna, Kooyiannie, Kujani, Kuyanni, Kwiana, Kwiani, Nganitjidi, Ngannityddi, Ngannityiddi, Owinia",SA,-29.99929809,137.9422167,https://collection.aiatsis.gov.au/austlang/language/l9
N10,Kuwema,"Tyaraity, Tjerratj, Tyerratj, Dak Tjerratj, Djerait, Tyeraity, Ponga Ponga, Pungupungu, Djeraidj, Dyeraidy, Kuwama, Guwema, Guwe, Nguluk Angguwe, Ponga ponga, Dek Tjerratj, Dek Tjirratj, Djeradj, Djiratj, Sherait, Djeraity, Tjerait, Cherites, Tjiras, Dak",NT,-12.85739216,130.425114,https://collection.aiatsis.gov.au/austlang/language/n10
N100,Gamalangga,"Jarnango, Garmalangga, Karmalanga, Kokolango, Kokolangomala",NT,,,https://collection.aiatsis.gov.au/austlang/language/n100
N101,Liyagawumirr,"Dhuwal, Leyagawumirr, Liagaomir, Laigajomir, Laigojomir, Galbanuk, Galwanuk, Galwangug",NT,,,https://collection.aiatsis.gov.au/austlang/language/n101
N102,Marri Ngarr,"Maringarr, Marringarr, Maringar, Gidjingali, Marengar, Marringar, Merringar, Moil, Moyle, Muringa, Muringar, Murrinnga, Tangural, Yaghanin, Ngangikadre, Western Daly language.",NT,-14.21069418,129.8507263,https://collection.aiatsis.gov.au/austlang/language/n102
N103,Guyamirrilili,"Guyamirlili, Gwijamil, Kwiyamil, Malara, Mulara, Duwala, Guyamil, Gwiyamil",NT,,,https://collection.aiatsis.gov.au/austlang/language/n103
N117,Djarrwark,"Dayi, Daii, Taii Tai, Dalwango, Dalwongo, Dalwongu, Darlwongo, Dhalwangu, Djawark, Djarlwa:g",NT,,,https://collection.aiatsis.gov.au/austlang/language/n117
N117.1,Murngin,"Duwala, Duala, Du:ala, Wulamba",,,,https://collection.aiatsis.gov.au/austlang/language/n117.1
N104,Ritharrngu,"Ritharngu, Yakuy, Ritarungo, Yolngu, Daii, Diakui, Djinang, Djinba, Diagoi, Dijogoi, Diyaguyi, Ridarngo, Ridarngu, Ridarrngu, Ridharrngu, Ritaringo, Ritarngo, Ritarngu, Ritarnu, Rittarungo, Rittarungor, Rudarungo, Ritarrngu, Ridarno, Dhiyakuy, Djikai, Ji",NT,-12.97618751,135.3967658,https://collection.aiatsis.gov.au/austlang/language/n104
N105,Gulunggurr,"Gulungo, Kullungor, Kulunggor, Gulunggor, Gulu?gurr",NT,,,https://collection.aiatsis.gov.au/austlang/language/n105
N106,Wägilak,"Wagilak, Waagilak, Wagelag, Wagilag, Wawilak, Diakui, Wawulak, Waurilak, Nunydjulpi, Nundjulpi, Nundjuibi",NT,,,https://collection.aiatsis.gov.au/austlang/language/n106
N107,Yalukal,"Jaloogal, Jalugal, Yalugal, Nango",,,,https://collection.aiatsis.gov.au/austlang/language/n107
N108,Liyagalawumirr,"Dhuwal, Leyagalawumirr, Liaalaomir, Laigala wumiri, Laigulawulmiree",NT,,,https://collection.aiatsis.gov.au/austlang/language/n108
N109,Guyula,"Gujula, Gwiyula, Dhalpidhalpi, Dhalpiyalpi",NT,,,https://collection.aiatsis.gov.au/austlang/language/n109
N11,Pungupungu,"Kandjerramalh, Pungu Pungu, Wadiginy, Pongo pongo, Djiramo, Amijangal, Ami, Worgait, Worgite, Worgaid, Wa gait, Wagaidj, Wagite, Waggait, Waggite, Waggote, Waggute, Wagatsch, Wogite, Wargad, Murinwargad, Daly River language.",NT,-13.37733792,130.4467343,https://collection.aiatsis.gov.au/austlang/language/n11
N110,Lurlmarangu,"Lulmarangu, Lulmarra?u",NT,,,https://collection.aiatsis.gov.au/austlang/language/n110
N111,Madarrpa,"Gupapuyngu, Mararba, Maderpa, Jithuwa, Jiduwa, Malarbardjuradj, Malarrbartjuray",NT,,,https://collection.aiatsis.gov.au/austlang/language/n111
N112,Marra,"Marranbala, Mara, Warndarang, Leelalwarra, Leelawarra, Mala, Walkonda, Mara; Leelalwarra, Mara; Leelawarra, Ma:ra, Maarra, Walkonda",NT,-15.04125841,135.4116298,https://collection.aiatsis.gov.au/austlang/language/n112
N113,Galwanuk,"Garlbanuk, Kalwanguk, Kalwanuk, Galwangug",,,,https://collection.aiatsis.gov.au/austlang/language/n113
N113.1,Ngaladharr,"Ngaladarr, Ngalado",NT,,,https://collection.aiatsis.gov.au/austlang/language/n113_1
N114,Budalpudal,"Bralbral, Marungun, Pural Pural, Bararrparar, Nango, Purel Purel, Bararrpararr",NT,,,https://collection.aiatsis.gov.au/austlang/language/n114
N115,Djambarrpuyngu,"Djambarbuyngu, Duwal, Djambarbino, Djambarwingu, Djambarpingu, Tjambarpoing, Djambarbwingu, Jambarboinga, Jum bapoingo, Djambarbingo, Djambarbwingo, Djambar pinga, Tchambarupi, Gujula, Gwiyula, Ngaladharr, Naladaer, Ngalado",NT,,,https://collection.aiatsis.gov.au/austlang/language/n115
N116,Dhuwaya,"Dhuwal/Dhuwala, possibly also Dhuwaya, Dhuwal",NT,-12.2661061,136.8700978,https://collection.aiatsis.gov.au/austlang/language/n116
N116.A,Bilin,,,,,https://collection.aiatsis.gov.au/austlang/language/n116.
N116.B,Birdingal,"Bidingal, Biringal",NT,,,https://collection.aiatsis.gov.au/austlang/language/n116.b
N116.C,Birrkili,"Berrkali, Berrkali Gupapuy°u, Birgili",NT,,,https://collection.aiatsis.gov.au/austlang/language/n116_c
N116.D,Dholpuyngu,"Dabingu, Daboingu, Dablingu, Dalbingu, Dulbungu, Dolpuyngu",,,,https://collection.aiatsis.gov.au/austlang/language/n116.d
N116.E,Dhäpuyngu,"Dhabuyngu, Duwal, Dhapuyngu, Wurrungguku, Wurungugu",NT,,,https://collection.aiatsis.gov.au/austlang/language/n116.e
N116.F,Dätiwuy,"Daatiwuy, Dhuwal, Datiwuy",NT,,,https://collection.aiatsis.gov.au/austlang/language/n116_f
N116.O,Manydjalpuyngu,"Manyjalpingu, Manjdjalpuyngu, Djinba",NT,,,https://collection.aiatsis.gov.au/austlang/language/n116_o
N116.P,Mandjikai,Mandjigai,,,,https://collection.aiatsis.gov.au/austlang/language/n116.p
N116.Q,Marrangu,"Dhuwal, Marangu, Marra°u, Marrango, Duwal, Marrakuli, Merango",NT,,,https://collection.aiatsis.gov.au/austlang/language/n116_q
N116.R,Marrungun,"Murrungun, Djinang",NT,,,https://collection.aiatsis.gov.au/austlang/language/n116_r
N116.S,Miliwuru,,,,,https://collection.aiatsis.gov.au/austlang/language/n116_s
N116.T,Murru,"Gabin, Gapiny is a group name for Dartiwuy, Golumala, Kapin, Kopin, Morru, Ngaymil",,,,https://collection.aiatsis.gov.au/austlang/language/n116_t
N116.U,Narrkala,"Nargarla, Nharrkala",,,,https://collection.aiatsis.gov.au/austlang/language/n116.u
N116.V,Raijang,,NT,,,https://collection.aiatsis.gov.au/austlang/language/n116.v
N116.W,Ralwia,Ralwai,NT,,,https://collection.aiatsis.gov.au/austlang/language/n116.w
N116.X,Ngaymil,"Ngayimil, Dhangu, Ngeimil, Makkanaimulmi",NT,,,https://collection.aiatsis.gov.au/austlang/language/n116_x
N116.Y,Nungudulbuy,"Numbiripala, Nungulrulboi",NT,,,https://collection.aiatsis.gov.au/austlang/language/n116.y
N118,Dhay'yi,"Dhayyi, Dayi, Yolngu, Daii, Ritharngu, Diakui, Djinang, Djinba, Dai, Dhayi, Taii Tai, Dalwango, Dalwongo, Dalwongu, Darlwongo, Dhalwangu, Djawark, Djarlwa:g, Tayi",NT,-13.37364795,135.7620122,https://collection.aiatsis.gov.au/austlang/language/n118
N119,Mӓlarra,"Malara, Ma:rlarra",NT,,,https://collection.aiatsis.gov.au/austlang/language/n119
N12,Matngala,"Matngele, Madngele, Malak Malak, Madngela/Matngela, Gamu, Junggor, Kamor, Madngela, Matngela, Mulluk Mulluk, Ngulul Wanggar, Wooliana, Yunggor, Hermit Hill tribe, Maangella, Madngala, Madngella, Mandella, Matngelli, Muttangulla, Nundjulbi, Warat, Amadil,",NT,-13.78862133,130.4336463,https://collection.aiatsis.gov.au/austlang/language/n12
N120,Warndarrang,"Wuyarrawala, Wandarang, Mara, Warndarang, Andarang, Wandaran, Wandarrang, Wandarung, Wanderang, Wangarong",NT,-15.04294182,135.3450616,https://collection.aiatsis.gov.au/austlang/language/n120
N121,Ngarnka,"Ngarnga, Ngarndji, Gudanji, Ngewin, Gnuin, Leeillawarrie, Ngarngu, Ngarndji",NT,-16.45167137,134.8262768,https://collection.aiatsis.gov.au/austlang/language/n121
N122,Dhurili,Durilji,NT,,,https://collection.aiatsis.gov.au/austlang/language/n122
N122.1,Gupapuyngu,"Gobabingo, Gobabuinga, Gobabwingo, Gobabwingu, Gobabwinnggu, Gobawingu, Gubabingu, Gubabuyngu, Gubawingu, Gupabwingu, Gupapuy°u, Kopapiugo, Kupapuingu, Kupapuyungu, Kupapuyngu, Duwala, Gababoinu, Kopapingo, Kopapoingo, Koparpingu, Dajoror, Gupapuynyngu",NT,,,https://collection.aiatsis.gov.au/austlang/language/n122.1
N123,Bunanatjini,"Buranadjini, Buranadjina/Buranadjini",NT,,,https://collection.aiatsis.gov.au/austlang/language/n123
N124,Dhämalamirr,Darmarmiri,NT,,,https://collection.aiatsis.gov.au/austlang/language/n124
N125,Gigi,"Geki, Kiki",,,,https://collection.aiatsis.gov.au/austlang/language/n125
N126,Nunydjirrpi,Nundjulbi,NT,,,https://collection.aiatsis.gov.au/austlang/language/n126
N128,Wubuy,"Wubuy, Yingkwira, Nangabuya, Ningburia, Nuggaboju, Nugubuyu, Nungabuju, Nungabuya, Nungabuyu, Nungbuju, Nunggaboju, Nungguboiju, Nungguboiyu, Nunggubuju, Nunguboiyu, Nungubuju, Nungubuyu, Nunggabuyu, Nungkubuyu, Nun guboiyu, Gunwinyguan",NT,-13.8698099,135.5886143,https://collection.aiatsis.gov.au/austlang/language/n128
N129,Bararrngu,"Barrarrngor, Brangu, Perango, Nango, Bararr?u, Miliwurrwurr, Barangu",NT,,,https://collection.aiatsis.gov.au/austlang/language/n129
N13,Maranunggu,"Marrangungu, Ami, Amijangal, Emmi, Emmiyangal, Manhthi Yangal, Maranjwarrgat, Menhtha, Merranunggu, Maramanunggu, Maranunga, Maranunggo, Maranungo, Maringar, Maringa, Marinunggo, Marranunga, Maranungku, Maranungo, Western Daly language.",NT,-13.75854954,130.271628,https://collection.aiatsis.gov.au/austlang/language/n13
N130,Golpa,"Gorlpa, Gorlba, Gorlbu, Guba, Gulba, Kolpa, Korlpa, Miliwuru, Nango, Girrkirr, Golbu, Golba",NT,,,https://collection.aiatsis.gov.au/austlang/language/n130
N131,Warramiri,"Warramiri, Wadameri, Wadamiri, Waramiri, Waramirri, Warawiri, Waroomari, Warramee, Warumari, Warameri, Djangu, Warumeri, War ramirri, Burada, Buratha, Budalpudal, Buralbural",NT,,,https://collection.aiatsis.gov.au/austlang/language/n131
N132,Wurruḻuḻ,"Uronlurl, Urrulula, Waroolul, Worah, Wurulul, Woralul, Wurrulul, Yirgala",,,,https://collection.aiatsis.gov.au/austlang/language/n132
N133,Wurunggugu,"Wurunggugu, Wurungugu, Wurruŋguku",,,,https://collection.aiatsis.gov.au/austlang/language/n133
N137,Manggalili,Gumatj,NT,,,https://collection.aiatsis.gov.au/austlang/language/n137
N138,Binbinka,"Gudanji, Binbinga, Binbingha, Pinbinga, Leepitbinga, Bing Binga",NT,-16.36136512,136.0457131,https://collection.aiatsis.gov.au/austlang/language/n138
N139,Gälpu,"Galpu, Gaalpu, Dhangu, Galbu, G..lpu, Kalpu",NT,,,https://collection.aiatsis.gov.au/austlang/language/n139
N139.1,Makarrwanhalmirr,"Magalranalmiri, Magarrwanhalmirri, Mugarganalmiri, Mukarrganalimiri, Duwala, Makarrwanhalmirri, Makarrganhalmirri, Munyuku, Mugarganal miri",NT,,,https://collection.aiatsis.gov.au/austlang/language/n139_1
N14,Kungarakany,"Gungarakanj, Kungarakany, Gungarakayn, Cunerakan, Gundrakan, Gunerakan, Kangarraga, Kangarranga, Kumerakainj, Kungarakan, Ungnakan, Warnunger, Gungaraganj, Gungaragany, Koongurrukuñ",NT,-13.23326924,130.825209,https://collection.aiatsis.gov.au/austlang/language/n14
N140,Rirratjingu,"Dhangu, Riraidjangu, Rirraljinga, Riraidjango, Wurrulul, Woralul, Urorlurl",NT,,,https://collection.aiatsis.gov.au/austlang/language/n140
N141,Gumatj,"Gomaidj, Grumatj, Gumad, Gumadji, Gumady, Gumaidji, Gumait, Kainyao, Komaits, Kumait, Kumatj, Gumadj, Duwala, Gumaitj, Gumaidj, Go maid",NT,,,https://collection.aiatsis.gov.au/austlang/language/n141
N143.1,Dhalwangu,"Dayi, Dalwangu, Daii, Taii Tai, Dalwango, Dalwongo, Dalwongu, Darlwongo, Djawark, Djarlwa:g",NT,,,https://collection.aiatsis.gov.au/austlang/language/n143.1
N144,Bilamandyi,"Bilmalandji, Bilamandji",NT,,,https://collection.aiatsis.gov.au/austlang/language/n144
N145,Djapu,"Dhuwal, Djabu, Tjapu, Jabu, Darmaramiri, Dhamalam irr, Maradungimi, Maradanggimiri, Marrathanggi mir",NT,,,https://collection.aiatsis.gov.au/austlang/language/n145
N146,Marradhanggimirr,"Maradanggimiri, Maradanggimirr, Maratanggimiri, Marradha?gimirr, Maradungimi",,,,https://collection.aiatsis.gov.au/austlang/language/n146
N147,Lamami,"Lamamiao, Lamumiri, Lamumirr, Llamamirri, Lummami, Dangu",NT,,,https://collection.aiatsis.gov.au/austlang/language/n147
N148,Gobadeindamirr,Gobadeindamiri,,,,https://collection.aiatsis.gov.au/austlang/language/n148
N149,Dhiyakuy,"Yolngu, Diakui, Ritharngu, Daii, Djinang, Djinba, Dijogoi, Djikai, Jikai, Tchikai, Tiyakkuy,",,,,https://collection.aiatsis.gov.au/austlang/language/n149
N149.1,Balamumu,"Balamumu, Barlamomo",,,,https://collection.aiatsis.gov.au/austlang/language/n149.1
N15,Emmi,"Emmi/Merranunggu, Warrgat, Arnhem Land, Daly River Region Languages, Ami, Maranunggu, Amijangal, Emmiyangal, Manhthi Yangal, Maranjwarrgat, Menhtha, Merranunggu, Ami Ami, Ame, Berringin, Western Daly language.",NT,-13.51678358,130.1162368,https://collection.aiatsis.gov.au/austlang/language/n15
N150,Galawlwan,"Galawan, Galwalwan, Gaulwurl, Kalanlwun, Galawiwan",,,,https://collection.aiatsis.gov.au/austlang/language/n150
N151,Anindilyakwa,"Anandilyakwa, Aninhdhilyagwa, Yingguru, Warnindilyakwa, Enindilyakwa, Ingura, Amakurupa, Andilagwa, Andiljaugwa, Andiljaukwa, Andilyaugwa, Anindiljaugwa, Anindilyaugwa, Awarikpa, En Indiljaugwa, Endiljaugwa, Enindiljaugwa, Enindilyaugwa, Groote Eylandt,",NT,-13.9310889,136.5853882,https://collection.aiatsis.gov.au/austlang/language/n151
N152,Walu,"Yanuwa, Janjula, Wadere, Wardiri, Yanyula, Yanyuwa, Walu; Leewalloo, Walloo, Leewalloo, Waloo",NT,-15.72119237,137.0276688,https://collection.aiatsis.gov.au/austlang/language/n152
N153,Yanyuwa,"Yanyula, Wadirri, Yanuwa, Janjula, Wadere, Walu, Wardiri, Yanyula, anjula; Aniula, Anjula, Anula, Anuwa, Anyoola, Anyula, Anyuwa, Djirukurumbant, Iangkala, Leanawa, Leeanuwa, Njangga, Njangkala, Unalla, Yangala, Yanula, Yanular, Yuckamurri, Yuggamurra, J",NT,-15.80208107,136.8078611,https://collection.aiatsis.gov.au/austlang/language/n153
N154,Nyangga,"Njangga; Janga:, Jangaa, Jangga, Yanggal, Njangga; Jang kala, Njanggala, Yangarella, Yang kala, Yuckamurri, Dorobura, Durroburra, Jang kala Njang, Janga:, Njang jala, Purkaburra, Yang kal, Njangga, Janjula, Yanula, Yanular, Anjula, Anyula, Anyoola, Anyuw",,,,https://collection.aiatsis.gov.au/austlang/language/n154
N155,Garrwa^,"Garawa, Garawa, Karawa, Karawa; Garawa, Grawa, Kariwa, Karrawar, Kar'wa, Korrawa, Kurrawar, Leearawa, Wollongorang, Wulungwara, Karwa, Leearrawa, Korrwa, Garawa; Karawa, Garuwa, Garrawa, Karrwa",NT,-16.85677792,137.2737774,https://collection.aiatsis.gov.au/austlang/language/n155
N156,Nalawgi,,,,,https://collection.aiatsis.gov.au/austlang/language/n156
N157,NGAN'GI,"NGANGI, Ngan, gi tjemerri, Nangikurrunggurr, Tyemeri, Nangityemeri, Ngan'gityemerri, Southern Daly",NT,-14.2283974,130.3642618,https://collection.aiatsis.gov.au/austlang/language/n157
N158,Murrinh-kura,"Murrinh patha, Muringura/Murrinhkura, Murinbata, Muringura, Murrinhkura, Murinkura, Southern Daly",NT,-14.71590049,129.946497,https://collection.aiatsis.gov.au/austlang/language/n158
N88,Wubulkarra,"Gupapuyngu, Ubulgara, Wulkara, Wobulgarra, Wowulkarra, Ob ulgara, Wolgara",NT,,,https://collection.aiatsis.gov.au/austlang/language/n88
N159,Murrinhdiminin,Murrinh patha,NT,-14.40514018,129.8169491,https://collection.aiatsis.gov.au/austlang/language/n159
N16,Maramanindji,"Marramaninyshi, Marramanindjdji, Marimanindji, Marramaninjsji, Akaja, Arkiya Dilik, Lee wakya, Leewakya, Mangikurungu, Maramanandji, Marimanindu, Maritjamiri, Murinmanindji, Murintjameri, Tjameri, Ukkia, Waagai, Waagi, Wagai, Wagaiau, Wagaja, Waggaia, Wa",NT,-13.97056679,130.4182039,https://collection.aiatsis.gov.au/austlang/language/n16
N160,Ngan'gimerri,"Ngangimerri, Ngan, gimerri, Tyemeri, Nangityemeri, Daly language.",NT,-14.00459251,130.6119063,https://collection.aiatsis.gov.au/austlang/language/n160
N161,Marri Tjevin,"Marritjevin, Maridjabin, Marrisjefin, Marrijebin, Marisyabin, Marrityabin, Marri Jabin, Murindzabin, Murindjabin, Maretyabin, Murintja bin, Murintjaran, Marityabin, Western Daly language.",NT,-13.89279577,129.8490531,https://collection.aiatsis.gov.au/austlang/language/n161
N162,Marri Amu,"Marri Ammu, Marithiel, Mareammu, Western Daly language.",NT,-13.81167582,129.8100059,https://collection.aiatsis.gov.au/austlang/language/n162
N163,Magati Ke,"Magatige, Marti Ke, Marrithiyel, Matige, Brinken, Marri Ammu, Marridan, Marrisjefin, Magadige, Marri ge, Murrinh ge, Murrinh Ke, Muringair, Maritige, Muringata, Muringa, Muringe, Berinken, Berinkin, Berringin, Brinkan, Western Daly language.",NT,-14.08764363,129.715299,https://collection.aiatsis.gov.au/austlang/language/n163
N164,Mariyedi,"Marijedi, Murijadi, Marijadi",NT,-13.72102164,130.0513079,https://collection.aiatsis.gov.au/austlang/language/n164
N165,Marrabanggu,,NT,,,https://collection.aiatsis.gov.au/austlang/language/n165
N166,Marranumbu,,NT,,,https://collection.aiatsis.gov.au/austlang/language/n166
N167,Ngan-wirlang,,NT,,,https://collection.aiatsis.gov.au/austlang/language/n167
N168,Djimbilirri,,NT,,,https://collection.aiatsis.gov.au/austlang/language/n168
N169,Kerniyn'mi,"Kerniynmi, Genhinjmi",NT,-13.6537488,133.5850506,https://collection.aiatsis.gov.au/austlang/language/n169
N17,Ngen'giwumirri,"Ngengiwumirri, Ngan, gi wumeri, Nangikurrunggurr, Nanggiomeri, Nangiomeri, Nangumiri, Nangimera, Nangimeri, Nanggiwumiri, Nangi wumiri, Ngen gomeri, Mariwumiri, Murin wumiri, Wumiri, Southern Daly language",NT,-14.24563928,130.4613106,https://collection.aiatsis.gov.au/austlang/language/n17
N170,Gumunggurdu,,NT,,,https://collection.aiatsis.gov.au/austlang/language/n170
N171,Kundedjnjenghmi,"Gundedjnjenghmi, Deynegmi, Deynekmi",NT,-12.67879701,133.4294768,https://collection.aiatsis.gov.au/austlang/language/n171
N172,Gun.guluwala',,NT,,,https://collection.aiatsis.gov.au/austlang/language/n172
N173,Kuninjku,"Guninjku, Bininj Bulkay, Kunwinjku Kunrayek, Kun rayek, kayakki, Na kerlk, Buboyen, an kerlk, Kune",NT,-12.26766152,134.0414224,https://collection.aiatsis.gov.au/austlang/language/n173
N174,Gurrigurri,,NT,,,https://collection.aiatsis.gov.au/austlang/language/n174
N175,Galduyh,"Kaltuy, Rembarunga",NT,-13.56560435,134.3888624,https://collection.aiatsis.gov.au/austlang/language/n175
N176,Letpurrirt,Lhetburrirt,NT,-14.15531425,132.2538075,https://collection.aiatsis.gov.au/austlang/language/n176
N177,Ngarlahmi,Ngarlami,NT,-14.08836479,132.3599592,https://collection.aiatsis.gov.au/austlang/language/n177
N178,Ngorrkgowo,,NT,-13.45184228,131.6779507,https://collection.aiatsis.gov.au/austlang/language/n178
N179,Ngardawuli,,NT,-11.28981651,131.932295,https://collection.aiatsis.gov.au/austlang/language/n179
N18,Jaminjung,"Djamindjung/Ngaliwuru, Djamindjung, Alura, Jaminjang, Tjaminjun, Djamundon, Murinyuwen, Djamindjun, Tjamindjung, Djamunjun, Kaminjung, Djamadjong, Murinyuwan",NT,-15.15402829,130.3903023,https://collection.aiatsis.gov.au/austlang/language/n18
W59,Ngarluma Padupadu,,,,,https://collection.aiatsis.gov.au/austlang/language/w59
N180,Urrirrk,"Urrirk, Wurilg, Urilg, Wurdirrk",NT,-11.91768043,132.648685,https://collection.aiatsis.gov.au/austlang/language/n180
N181,Wurdang,,NT,-11.28706594,131.9235375,https://collection.aiatsis.gov.au/austlang/language/n181
N182,Gidjurra,"Didjurra, idjurra",NT,-12.13275273,132.9371945,https://collection.aiatsis.gov.au/austlang/language/n182
N183,Manangkarri,"Mananggari, Naragani, Manangkari, Manangakardi",NT,-11.55548091,133.1725261,https://collection.aiatsis.gov.au/austlang/language/n183
N184,Ilgar,"Yilga, Ilgarr, Iwaidjan",NT,-11.07092598,132.9074224,https://collection.aiatsis.gov.au/austlang/language/n184
N185,Burdinmanduwij,,NT,-11.3102845,131.9291184,https://collection.aiatsis.gov.au/austlang/language/n185
N186,BININJ KUNWOK,"Kunwinjkuan, Bininj Gunwok",NT,-12.57799587,133.5566359,https://collection.aiatsis.gov.au/austlang/language/n186
N34,Garama,"Murrinh Patha, Djamindjung name for Murrinh Patha",,,,https://collection.aiatsis.gov.au/austlang/language/n34
N188,Garig,"Garik, Iwaidja, Gaari, Adawuli, Djalakuru, Garrig, Jaako, Jiwadza, Marlgu, Oitbi, Uruku, Wurango, Gurik, Gari, Iwaidjan",NT,-11.24584451,132.4184072,https://collection.aiatsis.gov.au/austlang/language/n188
N189,Mukngirru,,NT,-12.92760996,130.5374669,https://collection.aiatsis.gov.au/austlang/language/n189
N19,Ngaliwurru,"DjamindjungINgaliwuru, Djamindjung, Ngaliwuru, Ngaliwerun",NT,-16.07262772,130.5423272,https://collection.aiatsis.gov.au/austlang/language/n19
N190,Gun-narda,"Gunarda, Gu-jingarliya, Gujingaliya, Gidjingali, Martay, Burarra",NT,-12.12789527,134.6619213,https://collection.aiatsis.gov.au/austlang/language/n190
N191,Gun-narta,"Gu-jingarliya, Gidjingali, An-barra, Anbara, Burarra, Burrara",NT,-12.1071313,134.4883778,https://collection.aiatsis.gov.au/austlang/language/n191
N192,Dhangu,"Dangu, Yirgala, Thangu",NT,-12.4269844,136.6073256,https://collection.aiatsis.gov.au/austlang/language/n192
N193,Golumala,"Dhangu, Dangu",NT,,,https://collection.aiatsis.gov.au/austlang/language/n193
N194,Buralka,,NT,,,https://collection.aiatsis.gov.au/austlang/language/n194
N195,Dhamarrangdji,,NT,,,https://collection.aiatsis.gov.au/austlang/language/n195
N196,Nyekuymirri,,NT,,,https://collection.aiatsis.gov.au/austlang/language/n196
N197,Wutjara,,NT,,,https://collection.aiatsis.gov.au/austlang/language/n197
N198,Dhuwal,"Dhuwal/Dhuwala, possibly also Dhuwaya, Duwal, Murngin, Wulamba, Balamumu, Barlamomo, Barlamumu, Malag, Marlark, Arrawiya, Banjarrpuma, Bilamandji Dhurili, Durilji, Tuwal",NT,-12.71246521,136.0098575,https://collection.aiatsis.gov.au/austlang/language/n198
N199,Dhuwala,"Duwala, Duala, Du:ala, Murngin, Wulamba, Tuwala",NT,-12.65404515,135.9581203,https://collection.aiatsis.gov.au/austlang/language/n199
N2,Yilngali,"Ilngali, Jilngali, Nungali",,,,https://collection.aiatsis.gov.au/austlang/language/n2
N20,Tiwi,"Tunuvivi, Diwi, Nguiu, Nimara, Wonga:k, Wongak, Woranguwe, Wunguk, Wunuk, Yeimbi, Ni mara",NT,-11.56336122,130.7597491,https://collection.aiatsis.gov.au/austlang/language/n20
N200,Munyuku,Gupapuyngu,NT,,,https://collection.aiatsis.gov.au/austlang/language/n200
N201,Gumadir,Gunwinggu,NT,-12.4811261,133.5636061,https://collection.aiatsis.gov.au/austlang/language/n201
N202,Djangu,"Django, Tyangu",NT,-12.14740282,136.4213048,https://collection.aiatsis.gov.au/austlang/language/n202
N203,Manyarring,,NT,,,https://collection.aiatsis.gov.au/austlang/language/n203
N204,Mildjingi,Djinang,NT,,,https://collection.aiatsis.gov.au/austlang/language/n204
N205,Airiman,"Ngarinyman, Wagiman, Tagoman, Wagoman",,,,https://collection.aiatsis.gov.au/austlang/language/n205
N206,Djadiwitjibi,"Djardiwitjibi, Djinang",NT,,,https://collection.aiatsis.gov.au/austlang/language/n206
N207,Wora,,NT,,,https://collection.aiatsis.gov.au/austlang/language/n207
N208,Munggurrpi,,NT,,,https://collection.aiatsis.gov.au/austlang/language/n208
N209,Däbi,Djinba,NT,,,https://collection.aiatsis.gov.au/austlang/language/n209
N43,Mbukarla,"Umbugarla, Puneitja, Bugula, Numbugala, Ambugala",NT,-12.98300656,132.3665819,https://collection.aiatsis.gov.au/austlang/language/n43
N21,Larrakia,"Larrakiya, Gulumirrgin, Laragia, Larakia, Binnimiginda, Gunmajerrumba, Laragai, Laragiya, Larakeeyah, Larakiya, Larikia, Larragea, Larrakeah, Larrakeeha, Larrakeeyah, Larrakiha, Larreekeeyah, Larrekiya, Larriguia, Larrikaa, Larrikia, Larrikiha, Larrikiya",NT,-12.51763347,130.8413996,https://collection.aiatsis.gov.au/austlang/language/n21
N210,Walmapuy,,NT,,,https://collection.aiatsis.gov.au/austlang/language/n210
N211,Nhangu,"Nango, Nangu, Murungga, Miarrmiarr",NT,-11.85322093,135.7022074,https://collection.aiatsis.gov.au/austlang/language/n211
N212,Gurryindi,"Gurryindi, Nango, Gorryindi, Gurjindi",NT,,,https://collection.aiatsis.gov.au/austlang/language/n212
N213,Bindararr,,NT,,,https://collection.aiatsis.gov.au/austlang/language/n213
N214,Menthajangal,,,,,https://collection.aiatsis.gov.au/austlang/language/n214
N215,MARRANJ,,NT,-13.65277213,130.0736751,https://collection.aiatsis.gov.au/austlang/language/n215
N22,Malak Malak,"Mullukmulluk, Gamu, Junggor, Kamor, Madngela, Matngela, Mulluk Mulluk, Ngulul Wanggar, Wooliana, Yunggor, Djiramo, Malack malack, Malag Malag, Malagmalag, Mallackmallack, Mallak mallak, Mollak mollak, Mullik mullik, Mullikmullik, Mulukmuluk, Ngolak wonga",NT,-13.54877304,130.5524143,https://collection.aiatsis.gov.au/austlang/language/n22
N220,GIIMBIYU,"Giimbiyu, Arnhem Land, Daly River Region Languages, Geimbio",NT,-12.48082402,133.0564117,https://collection.aiatsis.gov.au/austlang/language/n220
N221,Muralidban,Gunwinggu,QLD,-12.24119972,134.1824059,https://collection.aiatsis.gov.au/austlang/language/n221
N222,Ngunbudj,,,,,https://collection.aiatsis.gov.au/austlang/language/n222
N223,Wandangbag,,NT,-12.31267846,132.9782492,https://collection.aiatsis.gov.au/austlang/language/n223
N224,Gonbudj,"Konbudj, Bardaya, Mabakala, Ngunbudj, Gunbudj, Koarnbut, Ngonbudj, Ba'rdaaya, Badaya",NT,-12.45343626,132.1564989,https://collection.aiatsis.gov.au/austlang/language/n224
N225,Meritjamui,,,,,https://collection.aiatsis.gov.au/austlang/language/n225
N226,Kiyuk,"Giyug, Daly languages",WA,-13.16822762,130.0535206,https://collection.aiatsis.gov.au/austlang/language/n226
N227,Karaman,,,,,https://collection.aiatsis.gov.au/austlang/language/n227
N228,Bararrpararr,"Gumurrwalirrbuy, Morru",NT,,,https://collection.aiatsis.gov.au/austlang/language/n228
N229,Ngalarrunga,,NT,-15.90087368,133.1973215,https://collection.aiatsis.gov.au/austlang/language/n229
N230,YOLNGU MATHA,"Murngin, Wulamba, Yalnumata, Yuulngu, Yulngu, Miwoit, Miwatj",,,,https://collection.aiatsis.gov.au/austlang/language/n230
N24,Nangiblerbi,Nangliblerbi,,,,https://collection.aiatsis.gov.au/austlang/language/n24
N25,Warray,"Waray, Awara, Parlamarnyin, Warai, Wolwonga, Arwur, Awarai, Awarra, Awarrai, Warei, Warrai, Wulwongga, Woolwonga, Gunwinyguan",NT,-13.16324174,131.2538162,https://collection.aiatsis.gov.au/austlang/language/n25
N26,Yunggor,"Madngele, Eastern Daly language",NT,-13.59730024,130.4134057,https://collection.aiatsis.gov.au/austlang/language/n26
N27,Wagiman,"Wageman, Airiman, Tagoman, Wagoman, Ongkakaringa, Wagaman, Wogeman, Wongkakaringa, Wakiman, Wogeman; Wongkakaringa",NT,-14.01217225,131.1693589,https://collection.aiatsis.gov.au/austlang/language/n27
N28,Nungali,"Nungulu, Jilngali, Ilngali",NT,-15.59017843,130.8570933,https://collection.aiatsis.gov.au/austlang/language/n28
N29,Wuna,"Wulna, Woolna, Djerimanga, Beriguruk, Wolna, Woolner, Wulnar, Birrigarak, Berrigurruk, Berugurruk, Djeramanga, Jermangel, Waak, Woolnah, Woolner for Djerimanga, Perrigurruk, Eri, Erei, Rereri, Reveri for Beriguruk, Wunna",NT,-12.47516724,131.3729719,https://collection.aiatsis.gov.au/austlang/language/n29
N83,Ganhalpuyngu,"Ganalbingu, Djinba, Jinba, Djimba, Outjanbah, Gunalbingu, Ganalbwingu, Kurkamarnapia",NT,,,https://collection.aiatsis.gov.au/austlang/language/n83
N89,Buan,"Dalabon, Bouin, Boun, Buwan",,,,https://collection.aiatsis.gov.au/austlang/language/n89
N3,Murrinh-Patha,"Murrinh patha, Murinbata, Muringura, Murrinhkura, Murinjbada, Murinypata, Murinypatha, Murrinh diminin, Murrinh gurra, Murrinhpatha, Murinjpata, Murinbada, Marri wutha, Karama, Garama, Karaman, Murinkura, Nagor, Nangu, Mariwada, Mariwuda, Southern Daly l",NT,-14.74734635,130.0034642,https://collection.aiatsis.gov.au/austlang/language/n3
N30,Djowei,"Arnhem Land, Daly River Region Languages, Kumertuo, Limilngan, Beriguruk, Lemil, Minidja, naWinjmil, Norweilemil",,,,https://collection.aiatsis.gov.au/austlang/language/n30
N31,Batjamalh,"Wadjiginj, Wadjiginy, Wadyiginy, Patjtjamal, Wagait, Waggite, Wogait, Batjamal, Batjemal, Bajamala, Batyamal, Batymal, Wadjigin, Wadjingy, Wadjigany, Wogatj, Wagaitj, Worgait, Worgite, Waggait, Waggote, Waggate, Wagatsch, Waogatsch, Wadjinginj, Waggites,",NT,-13.20884001,130.2740404,https://collection.aiatsis.gov.au/austlang/language/n31
N32,Wulwulam,"Beriguruk, Aggradundi, Aggrakundi, Agigondin, Agikwala, Agiqwolla, Agiwallem, Agoguila, Agrakundi, Agrikondi, Aquguila, Awinmil, Awinmul, Awinnmull, Giyuk, Oolawunga, Oolwunga, Peron Island, Wia willam, Wilwangga, Wolna, Wolonga, Wolwanga, Wolwongga, Woo",NT,-13.6417138,132.0546321,https://collection.aiatsis.gov.au/austlang/language/n32
N33,Kamu,"Malak Malak, Gamu/Kamor, Gamu, Junggor, Kamor, Madngela, Matngela, Mulluk Mulluk, Ngulul Wanggar, Wooliana, Yunggor, Gamor, Gamy, Kamorrkir, Komorrkir, Murra Kamangee, Ngangigmor, Eastern Daly language",NT,-13.61255822,130.7784577,https://collection.aiatsis.gov.au/austlang/language/n33
N35,Wardaman,"Wadaman, Wadderman, Waderman, Waduman, Warduman, Wartaman, Wordaman, Wardeman",NT,-15.35692806,131.5269975,https://collection.aiatsis.gov.au/austlang/language/n35
N36,Bilinarra,"Pilinara, Ngarinman, Bunara, Bilinara, Bilinurra, Bilyanarra, Bilyanurra, Plinara, Pillenurra, Billianera, Bulinara, Bringara, Boonarra",NT,-16.96685957,130.7449655,https://collection.aiatsis.gov.au/austlang/language/n36
N37,Wurrugu,"Popham Bay language, Iyi, Limpapiu, Wurango, Iji, Jarle, Lyi, Urugu, Warange, Warragu, Warrka, Warrooka, Wurengo, Wurruga, Yarlo, Wurangu, Wurrunga, Wurrango, Wuruku, Uruku, Auwul warwak, Wareidbug, Woreidbug, Warooko, Jalo, Limba Karadjee, iwaidjan",NT,-11.36143458,132.0931236,https://collection.aiatsis.gov.au/austlang/language/n37
N37.1,Uwinymil,"Uwinjmil, Awinjmil, Winjmil, Limilngan, Norweilemil, Beriguruk, Djowei, Lemil, Minidja, naWinjmil, Noalanji, Norweilimil, Awinmul, Uwiynmirr, Awinymil, Ngalwenmil, Agiwallem, Noalanji for Norweilemil, Awinnmull, Awinmil for Awinmul, Gunwinyguan.",NT,-13.31152048,131.7754804,https://collection.aiatsis.gov.au/austlang/language/n37_1
N38,Dagoman,"Wagiman, Tagoman, Airiman, Wagoman, Wogba, Togeman, Dogeman, Togiman",NT,-14.44100004,131.877598,https://collection.aiatsis.gov.au/austlang/language/n38
N39,Iwaidja,"Iwaydja, Adawuli, Djalakuru, Gaari, Garrig, Jaako, Jiwadza, Marlgu, Oitbi, Uruku, Wurango, Eae warge ga, Eaewandja, Eaewardja, Eaewarga, Eawaitja, Eewardja, Eiwaja, Gari, Idjduwa, Ilkar, Iwaidji, Iwaija, Iwaiji, Iwaji, Iyi, Jewitcha, Ji:wadja, Jiwadja, J",NT,-11.61294718,132.6962202,https://collection.aiatsis.gov.au/austlang/language/n39
N40,Ngaduk,"Gagudju, Ngardok, Kakadu, Kakudju, Aragu, Ad dok, Bimbirik, Gnaruk, Ngadok, Ngadug, Ngadulg, Ngardog, Ngarduk, Ngardulk, Ngarug, Ngaruk",NT,-12.21167799,132.5960301,https://collection.aiatsis.gov.au/austlang/language/n40
N40.1,Ngomburr,"Ngumbur, Ngurmbur, Ngombur, Murumburr, Ambugula, Ambuku:la, Corm bur, Gnormbur, Gnornbur, Gnumbu, Koarnbut, Nambuguja, Ngorbur, Ngorm bur, Ngormbur, Ngumbu, Numbugala, Oorm bur, Oormbur, Umbugarla includes Umbugarla proper, It also appears that it may ha",NT,-12.79362392,132.129585,https://collection.aiatsis.gov.au/austlang/language/n40.1
N42,Limilngan,"Limit, Minitja, Beriguruk, Djowei, Lemil, Minidja, naWinjmil, Norweilemil, Baneidja, Banidja, Banindja, Buneidja, Buneidya, Manidya, Minnitji, Peneitja, Punaka, Puneitja, Punuurlu, Manidja, Menassie, Buneitja",NT,-12.52560183,131.7240108,https://collection.aiatsis.gov.au/austlang/language/n42
N42.1,Bugurnidja,"Bugurndidja, Bukurnidja, Banidja, Buneidja, Puneitja, Wada, Watta, Bin gongina, Bingongina, Bugongidja, Bugunidja, Bukurni:dja, Barnidja",NT,-12.76591097,132.7021295,https://collection.aiatsis.gov.au/austlang/language/n42_1
N44,Mayali,"Gunwinjgu, Mayali, Bininj Gun wok, Neinggu, Gunwinggu, Kundjeymi, Djeibmi, Gundjeibmi, Maia:li, Maiaili, Maiali, Maiawali, Maieli, Maielli, Mailly, Majali, Majeli, Majuli, Mayaalia, Mayuli, Miorli, Myali, Myall, Myallee, Myoli, Puruga, Rembarunga, Rembar",NT,-14.08032662,132.4536947,https://collection.aiatsis.gov.au/austlang/language/n44
N86,Gadjalivia,"Burarra, Anbarra, Gidjingali, Gudjalavia, Gudjalabia, Gajalivia, Gudjalibi, Gudalavia, Gudjaliba, Gadjal ibi, Gadjalibir",,,,https://collection.aiatsis.gov.au/austlang/language/n86
N45,Marrku,"Marrgu, Terrutong, Yaako, Raffles Bay language, Croker Island language, Margu, Iwaidja, Marlgu, Adawuli, Djalakuru, Gaari, Garrig, Jaako, Jiwadza, Oitbi, Uruku, Wurango, Ajokoot, Mago, Margo, Terutong, Yako, Iwaidjan",NT,-11.15766329,132.56024,https://collection.aiatsis.gov.au/austlang/language/n45
N46,Oitbi,"Iwaidja, Adawuli, Djalakuru, Gaari, Garrig, Jaako, Jiwadza, Marlgu, Uruku, Wurango, Bidjenelumbo, Bijnalumbo, Binjnalumbo, Bynalumbo, Heutbi, Oidbi, Oitbo, Bidjene lumbo",,,,https://collection.aiatsis.gov.au/austlang/language/n46
N47,Amurdak,"Amurdag, Wardadjbak, Amooridiyu, Amarag, Amarak, Amurrag, Amurag, Amurrak, Amurtak, Amuruk, Mamurug, Monobar, Namurug, Ngamrrak, Ngamurag, Ngamurak, Umoordak, Umoreo, Umoriu, Amardak, A'moordiyu, Woraidbug, Mono bar, Iwaidjan",NT,-11.95028736,132.8736123,https://collection.aiatsis.gov.au/austlang/language/n47
N48,Wareidbug,"Warejdbug, Wurango, Wurrunga, Wurrango, Wuru:ku, U:ru:ku, Auwul warwak, Wa:reidbug, Woreidbug, Warooko, Ja:lo, Yarlo, Limba Karadjee",,,,https://collection.aiatsis.gov.au/austlang/language/n48
N49,Nambuguja,,,,,https://collection.aiatsis.gov.au/austlang/language/n49
N5,Alura,"Jaminjung, Djamindjung, Allura, Hallurra, Nallura",,,,https://collection.aiatsis.gov.au/austlang/language/n5
N50,Gaagudju,"Gagadu, Gagudju, Kakadu, Kakudju, Ngardok, A:rwu:r, Abedal, Abiddul, Arwur, Auwur, Awur, Gagadju, Gagadyu, Ka:ka:dju, Kadadju, Kakakta, Kakata, Kakatu, Karkadoo, Karkardoo, Kukata, Katata, Abedal, Gaguju, Kakaju, Awoy, Kakadju",NT,-12.43407733,132.6716085,https://collection.aiatsis.gov.au/austlang/language/n50
S57,Gurungada,,,,,https://collection.aiatsis.gov.au/austlang/language/s57
N51,Wada,"Bukurnidja, Wada/Watta, Banidja, Buneidja, Puneitja, Watta, Marianbirik, Marigianbirik, Wa:a, Wad:a, Wadjigi:n, Wadaa, Wadda",NT,-12.46989857,132.5636539,https://collection.aiatsis.gov.au/austlang/language/n51
N52,Widjilg,,,,,https://collection.aiatsis.gov.au/austlang/language/n52
N53,Mengerrdji,"Mangerr, Gunwinggu, Mengerrdji/Menngarr, Kunwinjku, Mangeri, Menngarr, Ari, Eireij, Ere, Erei, Erej, Erre, Mangerei, Mennagi, Mengerei, Mengerdji, Mangerdji, Mengerr, Manger, Mangarryu, Mangeryu, Berrigurruk ; Erei ; Eri ; Rereri ; Reveri ; Mirarr",NT,-12.35097462,133.0237759,https://collection.aiatsis.gov.au/austlang/language/n53
N55,Erre,"Rereri, Erei, Eri, Arra",NT,-12.42608346,133.0652285,https://collection.aiatsis.gov.au/austlang/language/n55
N56,Gundudj,,,,,https://collection.aiatsis.gov.au/austlang/language/n56
N57,Jawoyn,"Jawonj, Adowen, Gundjawan, Djauan, Djauwuny, Djawin, Charmong, Chau an, Chauan, Djauun, Djauwung, Djawan, Djawanj, Djawun, Djouan, Djowan, Djowei, Jauan, Jawin, Juauan, Kumertuo, Lebryryd, Nggandindmi, Tjauen, Tjawen, Tjouen, Tweinbol, Wonborngu, Jawony",NT,-13.89730041,133.0384608,https://collection.aiatsis.gov.au/austlang/language/n57
N58,Jalakuru,"Iwaidja, Djalakuru, Adawuli, Gaari, Garrig, Jaako, Jiwadza, Marlgu, Oitbi, Uruku, Wurango, Djalaguru",,,,https://collection.aiatsis.gov.au/austlang/language/n58
N59,Wengei,"Gunei, Gunwunei, Neing gu, Wengei, Wunei, Wengej",,,,https://collection.aiatsis.gov.au/austlang/language/n59
N6,Menthe,"Menhthe, Daktjerat, Murinwargad, Wagaid, Wagaidj, Wagait, Wagaitj, Wagatsch, Waggait, Waggate, Waggite, Waggote, Waggute, Wagite, Waogatsch, Wargad, Wodadj, Wogadj, Wogait, Wogaity, Wogatj, Wogaty, Wogite, Worgaid, Worgaidj, Worgait, Worgite, Menthajanga",NT,-13.63766777,129.9206731,https://collection.aiatsis.gov.au/austlang/language/n6
N60,Dalabon,"Ngalkbun, Dangbon, Dalabon ?Gundangbon, Dangbon/Dalabon, Gundalabon, Dangbun, Ngalkbon, Ngalgbon, Ngalgbun, Ngalkbon consist of the word for 'mouth? in the relevant language plus an element bon, Buan, Bu:wan, Boun",NT,-13.3162555,134.029309,https://collection.aiatsis.gov.au/austlang/language/n60
N64,Mawng,"Maung, Mawung, Gun marung, Gunmarung, Managari, Manangari, Marung, Mau, Maw, Men ngai, Kunmarung, Mauung, Gunmarang, Iwaidjan",NT,-11.81389825,133.3640077,https://collection.aiatsis.gov.au/austlang/language/n64
N65,Kunwinjku,"Gunwinjgu, Mayali, Bininj Gun wok, Neinggu, Gunwinggu, Mangeri, Mengerrdji, Menngarr, Gumawurag, Gunawitji, Gundeidjeme, Gundeijeme, Gundjajeimi, Gundjeibmi, Gundjeipmi, Gunei, Gunrerg, Gunwinghu, Gunwingo, Gunwingu, Gunwinngu, Gunwinygu, Gunwunei, Gurma",NT,-12.1735063,133.4827345,https://collection.aiatsis.gov.au/austlang/language/n65
N84,Djarawala,Dyarawala,,,,https://collection.aiatsis.gov.au/austlang/language/n84
N66,Urningangk,"Urningangg, Wuningangk, Uninganangk, Wata, Uningangg, Uningangk, Wuningak, Wuningag, Mirarr",NT,-12.54571577,133.0564923,https://collection.aiatsis.gov.au/austlang/language/n66
N87,Manyarring,Djinang Manharrngu,NT,,,https://collection.aiatsis.gov.au/austlang/language/n87
N68,Yangman,"Jangman, Yungman, Jongman, Jungman, Yungmanni, Yungmun, Yungmunee, Yungmunnee, Yungmunni, Yung munni",NT,-15.41429146,132.4994828,https://collection.aiatsis.gov.au/austlang/language/n68
N69,Kunbarlang,"Gunbarlang, Gunbalang, Gambalanga, Walang, Gambalang, Geimbio, Gimbarlang, Gunba:lang, Gunbalag, Gunbalong, Gunbulan, Gurmadja madja, Warlang, Gunba:lan",NT,-11.93224616,133.8938911,https://collection.aiatsis.gov.au/austlang/language/n69
N7,Marrithiyel^,"Marithiel, Brinken, Marri Ammu, Marridan, Marrisjefin, Matige, Berinken, Berinkin, Berringin, Brinkan, Magatige, Marathiel, Maridhiel, Maridiel, Maridiyal, Maridiyel, Marithid, Maritige, Muringa, Muringata, Muringe, Maridjiel, Maridhiyel, beringken, comm",NT,-13.83464875,130.0129352,https://collection.aiatsis.gov.au/austlang/language/n7
N70,Kune,Gunwinggu,NT,-12.3980068,134.3865989,https://collection.aiatsis.gov.au/austlang/language/n70
N71,Kundjeyhmi,"Kundjeymi, Djeibmi, Gundjeibmi, Mayali, Gundeidjeme, Gundeidjemi, Gundjeipmi, Djebmi, Gunwinggu, Gundjepmi, Gundjipmi, Gundeij e me, Djeihmi, Djepmi, Maiali, Gunwingu, Gunwingo, Wengi, Wengei, Wengej, Kulunglutji, Kulunglutchi, Gundja jeimi, Gundeijeme,",NT,-12.92586056,132.8745604,https://collection.aiatsis.gov.au/austlang/language/n71
N72,Yan-nhangu,"Yannhangu, Jarnango, Jaernungo, Janango, Jandango, Janjango, Jannangu, Jarnangu, Jarrangu, Kokolango, Yaernungo, Yandango, Yarnango, Yarrnangu, Yorngar, Nango, Yanna?u, Yaerungo, Murru?un, Djina?, Gunbirri, Mälarrai, Malarra, Malara, Yalnumata",NT,-12.00767836,135.2364169,https://collection.aiatsis.gov.au/austlang/language/n72
N73,Rembarrnga,"Rembarunga, Rembarnga, Rainbarngo, Rambarrnga, Ranjbarngo, Ranjbarngu, Reinbaranga, Rembaranga, Rembarn nga, Rembarrna, Rembarrngu, Rembranga, Rainbarno, Remberanga, Rambarrna, Rem branga, Rem barrna, Maia:li, Maieli, Majali, Maiali, Maielli, Gunwinyguan",NT,-13.23102855,134.4541081,https://collection.aiatsis.gov.au/austlang/language/n73
N74,Ndjébbana,"Ndjebanna, Gunavidji, Kunibidji/Gunavidji, Ndeya, Gidjiya, Djeebbana, Gunibidji, Kunibidji, Behribmej, Djapena, Gidjia, Gidjiya, Djeepana, Grunavidji, Gudjia, Gunabidji, Gunabwidji, Gunadidji, Gunaviji, Gunawitji, Gunjibidji, Gurmadja madja, Jibidji, Kul",NT,-12.1555482,134.2743826,https://collection.aiatsis.gov.au/austlang/language/n74
N75,Gurr-goni,"Gurrgoni, Gungorrogone, Gudjartabiyi, Guragone, Gungurugoni, Gungorogone, Gorogone, Gungarawoni, Gungoragone, Gungoro:lgo:ngi, Gungurulgungi, Gutjertabia, Gurugoni, Gungoragoni, Gungorragonni",NT,-12.22841313,134.2867064,https://collection.aiatsis.gov.au/austlang/language/n75
N76,Ngalkbon,"Ngalkbun, Dalabon, Ngalabon, Ngalgbon, Njalkpon",,,,https://collection.aiatsis.gov.au/austlang/language/n76
N77,Ngalakgan,"Ngalakan, Hongalla/Hongalla, Nala nalagen, Nalagen, Nalakan, Ngalagan, Ngalagkan, Ngalarkan, Ngulkpun, Nullakum, Nullakun, Nullikan, Nullikin, Ngalbon, Hongalla, Nallakum, Ngalar kan, Gunwinyguan",NT,-14.28399246,134.2707529,https://collection.aiatsis.gov.au/austlang/language/n77
N78,Mangarrayi,"Ngarrabadji, Mangarayi, Mungarai, Mangarai, Mangarei, Mangerei, Manggarai, Mungerry, Walooka, Mungari, Ngarrabadji, Mangarray, Mangarai",NT,-14.89124659,133.6191545,https://collection.aiatsis.gov.au/austlang/language/n78
N79,Walamangu,"Wallamungo, Wolamangu, Wollamungo, Nango, Walama?u",NT,,,https://collection.aiatsis.gov.au/austlang/language/n79
N8,Ngan'gikurunggurr,"Ngangikurunggurr, Ngan, gi kurunggurr, Nangikurrunggurr, Nordaniman Nordan imin, Southern Daly language, Nangikurungur, Ngangikurungur",NT,-14.18557096,130.1037173,https://collection.aiatsis.gov.au/austlang/language/n8
N80,Nakkara,"Na kara, Gukariya, Nakara, Nagara, Kokori, Kukkori, Nackara, Naga:ra, Naka:ra, Narkarrar, Ngara, Gukari",NT,-12.08445713,134.3642204,https://collection.aiatsis.gov.au/austlang/language/n80
N81,Gun-nartpa,"Gu-jingaliya, Gujingaliya, Gudjarlabiya, Burarra, Guadba, Gunaidbe, Gunardba, Kun nartpi, Mugali, Mu-golarra, Mukarli",NT,-12.21920382,134.5502503,https://collection.aiatsis.gov.au/austlang/language/n81
N82,Burarra,"Gu-jingaliya, Gujingaliya, Anbarra, Gadjalivia, Gidjingali, Bara, Barada, Barara, Barea, Barera, Baurera, Bawera, Birarra, Burada, Burara, Burera, Gidjingale, Gudjalayia, Gurmadja madja, Jikai, Ku jarlapiyi, Tchikai, Tha ra ra burra, Thar ar ra burra, To",NT,-12.16177075,134.5807096,https://collection.aiatsis.gov.au/austlang/language/n82
N85,Yugul,"Arnhem Land, Daly River Region Languages, Jugul, Mara, Yukul, Jokul, Yikil, Yookil, Yookull, Yookala, Yikul",NT,-14.74623675,134.8307438,https://collection.aiatsis.gov.au/austlang/language/n85
N9,Marridan,"Maridan, Marrithiyel, Brinken, Marri Ammu, Marrisjefin, Matige, Murindan, Nordanimin, Maredan, Western Daly language.",NT,-13.99933726,130.1768236,https://collection.aiatsis.gov.au/austlang/language/n9
N90,Ngandi,"Ngundi, Nagandi, Nagandji, Nanda, Nandi, Ngalbon, Ngalgbun, Gunwinyguan",NT,-14.00859488,134.9063889,https://collection.aiatsis.gov.au/austlang/language/n90
N91,Galwa,Kalwa,,,,https://collection.aiatsis.gov.au/austlang/language/n91
N92,Alawa,"Galawa, Warliburru, Wilingura, Ngewin, Alawa; Alaua, Allaua, Allaura, Allawa, Allowa, Allowiri, Allua, Alowa, Galleewo, Kallaua, Leealowa, Woolooami, Kallana, Walkonda, Walooka, Alaua, Galleewa, Woo looami",NT,-15.52367382,134.4795864,https://collection.aiatsis.gov.au/austlang/language/n92
N93,Wulkara,Wolgara,,,,https://collection.aiatsis.gov.au/austlang/language/n93
N94,Balmbi,"Djinang, Barlmawi, Jandjinung, Yandijinang, Yandjinung, Balmawi, Jandjinang, Jand jinung, Yandjinning, Yandjinang, Djinnang, Djinhang, Milingimbi, Millingimbi, Wulllakki, Wulaki, Ullaki, Wulagi, Manjarngi, Manyarrngi, Mun narngo, Manarrngu",NT,,,https://collection.aiatsis.gov.au/austlang/language/n94
N94.1,Djinang,"Djinang dialects, Yolngu, Ritharngu, Daii, Diakui, Djinba, Jandjinung, Yandijinang, Yandjinung, Jinang, Jandji:nangc, Jandjinang, Jand jinung, Yandjinning, Yandjinang, Djinnang, Djinhang, Milingimbi, Millingimbi, Wulllakki, Wulaki, Ullaki, Wulagi, Balmbi",NT,-12.33789406,134.8634978,https://collection.aiatsis.gov.au/austlang/language/n94_1
N95,Wurlaki,"Wulaki, Djinang, Jandjinang, Jand jinung, Yandjinung, Yandjinning, Yandjinang, Djinnang, Djinhang, Milingimbi, Millingimbi, Wulllakki, Ullaki, Wulagi, Balmbi, Balmawi, Barlmawi, Manjarngi, Manyarrngi, Mun narngo, Manarrngu",NT,,,https://collection.aiatsis.gov.au/austlang/language/n95
N96,Dhaygurrgurr,"Dajoror, Daygurrgurr, Dhaywurrwurr, Daiuror, Dhayurryurr",NT,,,https://collection.aiatsis.gov.au/austlang/language/n96
N97,Djinba^,"Yolngu, Ritharngu, Daii, Diakui, Djinang, Jinba, Djimba, Outjanbah, Gunalbingu, Ganalbwingu, Kurkamarnapia",NT,-12.76185278,135.0045812,https://collection.aiatsis.gov.au/austlang/language/n97
N98,Malarbardjuradj,"Malarbarrtchorai, Malarrbartjaray, Malabarrtjaray",NT,,,https://collection.aiatsis.gov.au/austlang/language/n98
N99,Wilingura,"Alawa, Leewillungara, Leewillungarra, Wilanggara, Wilinggura, Willangan, Willngura, Willongera, Wilungwara, Wilangarra, Wilung wara",NT,-15.70856193,135.9306831,https://collection.aiatsis.gov.au/austlang/language/n99
P1,Kriol,"Creole, Northern Kriol, Kriol NT, Timber Creek Kriol, Westside Kriol",NT,,,https://collection.aiatsis.gov.au/austlang/language/p1
P2,Torres Strait Creole,"Yumplatok, Yumblatok, Torres Strait Islander language, Torres Strait Islander people","QLD,TSI",,,https://collection.aiatsis.gov.au/austlang/language/p2
P3,Broome Pearling Lugger Pidgin,"Broom Creole, Koepang Talk, Malay Talk, Japanese Pidgin English",WA,-17.92995502,122.2989006,https://collection.aiatsis.gov.au/austlang/language/p3
P4,Aboriginal English,,,,,https://collection.aiatsis.gov.au/austlang/language/p4
P5,Kimberley Kriol,"Western Kriol, Kriol WA, Fitzroy Valley Kriol",WA,,,https://collection.aiatsis.gov.au/austlang/language/p5
P6,Gurindji Kriol,,NT,,,https://collection.aiatsis.gov.au/austlang/language/p6
S1,Warki,"Ngarrindjeri, Jarildukald, Meintangk, Pirtulun, Ramindjeri, Tanganukald, Gorawalun, Koraulun, Korowalle, ""Milang dialect"" Wakend, Warkend, Wargi, Wakend, Milang dialect",SA,-35.46000501,138.8509463,https://collection.aiatsis.gov.au/austlang/language/s1
S10,Ngawadj,"Meru, Ngawait, Erawirungand, Rankbirit, Ngintait, Ngaralta, Nganguruku, Ngaiawung, Barmerara Meru, Binjali, Eritark, Muljulpero maru, Nanait, Narwejung, Narwijjerook, Narwijjong, Nauait, Ngawaijung, Ngawaitjung, Ngawijung, Niawoo, Njawatjurk, Nyauaitji,",SA,-34.22446983,140.2256295,https://collection.aiatsis.gov.au/austlang/language/s10
S21.1,Kulin,,,,,https://collection.aiatsis.gov.au/austlang/language/s21.1
Y223,Kokoberrin,Koko Berang,,,,https://collection.aiatsis.gov.au/austlang/language/y223
S11,Tanganekald,"Tangane, Ngarrindjeri, Tanganukald, Jarildukald, Meintangk, Pirtulun, Ramindjeri, Warki, Danganalun, Milmenrura, Polenjunga, Portaruwutj, Potangola, Narrinjeri, Taloinjunga, Tanganalum, Tatiara, Tatiarra, Tattayarra, Thunga, Thungah, Tonggi, Tunga, Tyaty","SA,VIC",-36.08940248,139.5690972,https://collection.aiatsis.gov.au/austlang/language/s11
S12,Yirawirung,"Meru, Erawirungand, Ngawait, Rankbirit, Ngintait, Ngaralta, Nganguruku, Ngaiawung, Eramwirrangu, Eraweerung, Erawirrangu, Erawiruck, Erawirung, Jeraruk, Jirau, Jirawirung, Juju, Pomp malkie, Willoo, Wilu, Yerraruck, Yiran, Yirau, You you, Yuyu, Eramwir r","NSW,SA",-34.26707911,140.5328348,https://collection.aiatsis.gov.au/austlang/language/s12
S13,Bungandidj^,"Bungandik, Bundanditj, Buandig, Bunganditj, Bangandidj, Barconedeet, Boandik, Boandiks, Booandik, Booandik ngolo, Borandikngolo, Buandic, Bak on date, Buandik, Buanditj, Bungaditj, Bungandaetch, Bungandaetcha, Bungandaitj, Bungandidy, Bunganditjngolo, Bu","SA,VIC",-37.22525172,140.5117485,https://collection.aiatsis.gov.au/austlang/language/s13
S14,Meintangk,"Ngarrindjeri, Jarildukald, Pirtulun, Ramindjeri, Tanganukald, Warki, Djadjala, Meintank, Painbali, Wergaia, Meindangg, Meinta:ngk, Paintjunga, Pinchunga, Pinejunga, Mootatunga, Wepulprap",,,,https://collection.aiatsis.gov.au/austlang/language/s14
S15,Bindjali / Bodaruwitj,"Bodaruwidj, Bundyalli, Potangola, Potaruwutj, Weregadjali, Cangarabaluk, Coolucooluk, Dadiera, Danganalun, Danganegald, Dangani, Djadjala, Jaran, Kalde, Kangarabalak, Milmainjericon, Milmendjuri, Milmendura, Milmenrura, Padthaway tribe, Polenjunga, Polin","SA,VIC",-36.42292767,140.4916351,https://collection.aiatsis.gov.au/austlang/language/s15
S58,Southern Dharawal,"Wodi Wodi, Thurawal, Tharawal, Wodiwodi, Dharawal, Illawarra, Wadiwadi, Woddi Woddi, Wudi Wudi, Wodi wodi",NSW,,,https://collection.aiatsis.gov.au/austlang/language/s58
S16,Mardidjali,"Martijali, Jardwadjali, Marditjali, Keribial barap, Keribialbarap, Lake Wallace tribe, Wichintunga, Wintjabarap, Witjintanga, Worangarait, Worangarit, Wragarait, language, speech","SA,VIC",-36.96779421,141.6431409,https://collection.aiatsis.gov.au/austlang/language/s16
S17,WERGAIA,"Wergaia, Wergaya, Jupagalk, Maligundidj, Warke Warke, Wotjobalek, Buibatjali, Buibatyalli, Djadjala, Gnallbagootchyourl, Gourrbaluk, Iyattyala, Kurm me lak, Malikunditji, Malleegunditch, Tjatijala, Tyattyalla, Wattyabullak, Wimmera tribe, Woitu bullar, W",VIC,-35.8685197,142.1207357,https://collection.aiatsis.gov.au/austlang/language/s17
S18,Ngintait,"Meru, Ngawait, Erawirungand, Rankbirit, Ngaralta, Nganguruku, Ngaiawung, Inteck, Merri, Ngintadj, Nutcha, Takadok, Ngindadj, Taakadoch:Mildura tribe, Pintra, Yac yoc, Arthon, Neds Corner Station, Murray River dialect",SA,-34.37300823,141.1084427,https://collection.aiatsis.gov.au/austlang/language/s18
S19,Yuyu,"Ngarrket, Narrinyeri, Jarijari, Jere jere, Juju, Nyerri nyerri, Yairy yairy, Yari yari, Yariki luk, Yarikiluk, Yariyari, Yarre yarre, Yarree Yarree, Yarreyarre, Yerre Yerre, Yerreyerre, Yerri yerri, Yerriyerri, Yerry yerry, YurraYurra, Yu Yu, Erawirung,",NSW,-34.09882318,140.9993276,https://collection.aiatsis.gov.au/austlang/language/s19
S2,Ramindjeri,"Ngarrindjeri, Jarildukald, Meintangk, Pirtulun, Tanganukald, Warki, Ramindjerar, Ramingara, Raminyeri, Ramong, Tarbanawulun, Tarbanawalun, Ramindjari, Raminjeri, Rormear, Wirramu mejo, Narrinyeri part",SA,-35.46073476,138.7112493,https://collection.aiatsis.gov.au/austlang/language/s2
S20,Dhauwurd Wurrung^,"Kuurn Kopan Noot, Gournditch Mara, Gu:nditj mara, Dhautgart, wurru, Gunditjmara, Dhauwurd Wurung, Gundidjmara, Dhaurwurd Wurrung, Dhauhurtwurru, Gournditch mara, Gournditchmara, Gundidj, Gurndidjmara, Gurndidy, Gurnditjmara, Gurnditschmara, Kirurndit, Ku",VIC,-38.15561291,141.5396585,https://collection.aiatsis.gov.au/austlang/language/s20
S21,Warga Warga,"Boorong, Booroung, Mirdiragoort, Waikywaiky, Wargawarga, Warkawa, Warkawarka, Weki weki, Wekiweki, Wengenmarongeitch, Werkawerka, Wirtoo, Wirtu, Waiky Waiky, Werka Werka tjali, Warka tjali, Weika tjali, Boo roung",,,,https://collection.aiatsis.gov.au/austlang/language/s21
S22,Djadjala,"Meintangk, Meintank, Painbali, Wotjobaluk, Potaruwutj, Tattiara blacks, Tatiara tribe, Jatjalli, Tyat tyalli, Pine Plain language, Pine Plain tribe, Tyattyalli, Tatchalle, Tyat tyal la, Tyattyalla, Tyatyalli language, Tyatyalla, Tjatjala, Iyattyala, Wotj",VIC,-35.56047811,141.6828374,https://collection.aiatsis.gov.au/austlang/language/s22
S23,Latji Latji,"Ladji Ladji, Latje Latje, Latjilatji, Baluk mernen, Banju bunan, Boraipar, Laci Laci, Laei Laei, Laitche, Laitchi Laitchi, Laitci laitci, Laitu, Laitu Laitu, Latjee Latjee, Latjoo Latjoo, Latyee Latyee, Latyoo Latyoo, Latyu latyu, Leitch Leitchi, Leitchi","VIC,NSW",,,https://collection.aiatsis.gov.au/austlang/language/s23
S24,Jari Jari,"Jarijari, Juju, Yairy yairy, Yarikiluk, Yariyari, Yarreyarre, Yerre Yerre, Yerreyerre, Yerriyerri, YurraYurra Yuyu, Yurra Yurra, Yari Yari, Yerree, Yerree tribe, Yarry yarry, Mildura dialect, Yairy Yairy, Yeiri Yeiri, Iraiprim, Yaraprim, Yaraiprim, Yairr","VIC,NSW",-34.76608104,141.7282794,https://collection.aiatsis.gov.au/austlang/language/s24
S25,Keerray Woorroong^,"Giraiwurung, Kirae, Bolaga, Bolagher, Colongulac tribe, Dantgurt, Dautgart, Dyargurt, Jarcoort, Kirawirung, Kirrae, Kirraewuurong, Kirrea, Konoug willam, Manmait, Mount Shadwell tribe, Ngutuk, Ngutung, Tantgort, Targurt, Warntallin, Girrea, Kii Wuurong,",VIC,-38.0397521,142.8801266,https://collection.aiatsis.gov.au/austlang/language/s25
S26,Djab Wurrung^,"Djabwurrung, Jab wurrung, Pirt Koopen Noot, Djabwurung, Tjapwurong, Dyabwurung, Tyapwurru, Chaapwurru, Pirtkopannoot, Purteetchally, Punoinjon, Kolor, Chaap Wuurong, Chaap wuurong, Chaa wuurong, Tjapwurung, Tyapwuru, Djabwuru, Pirt kopan noot, Pirt kopen",VIC,-37.77421504,142.3366299,https://collection.aiatsis.gov.au/austlang/language/s26
S26.1,Knenknenwurrung,"Djadjawurung, Djappuminyon, Jaara, Jajaurung, Jajowerong, Jajowerrong, Jajowrung, Jajowurrong, Jardwa, Jurobaluk, Knenknenwurro, Knindowurrong, Nirababaluk, Nirabaluk, Panyod, Yaara, Yardwa tyalli, Yaura, Yayauring, Jajarung, Jajowrong, Jajoworrong, Ngen",VIC,-37.06668978,142.8594496,https://collection.aiatsis.gov.au/austlang/language/s26_1
S27,Jardwadjali^,"Marditjali, Djadjawuru, Djadjawurung, Djappuminyon, Djendjuwuru, Ja jow er ong, Jaara, Jaburara, Jaburara ngaluma, Jajaorong, Jajaurung, Jajowerang, Jajowerong, Jajowerrong, Jajoworrong, Jajowrong, Jajowrung, Jajowurong, Jajowurrong, Jarjoworong, Jarrung",VIC,-36.72332526,142.5688852,https://collection.aiatsis.gov.au/austlang/language/s27
S28,Dadi Dadi,"Dardi Dardi, Tati Tati, Ta tati, Tatitati, Dadidadi, Tarte Tarte, Tar te tar te, Tar de Tarde, Darthy Darthy, Taa Tatty, Darthy darthy, Darty darty, Darty Darty, Ta ta thi, Tatati, Nimp mam wern, Tatathi, Tati tati thi, Tati tati tee, Tati tati ti, Darti","NSW,VIC",-34.77763457,142.8384634,https://collection.aiatsis.gov.au/austlang/language/s28
S29,Wadawurrung,"Wadha wurrung, Wuddyawurru, Witouro, Kurung, Wadawurung, Wataurung, Bengali, Borumbeet Bulluk, Buniyong, Wada wurung, Wada wurrung, Wadawio, Waddorow, Waddowro, Wadjawuru, Wadourer, Wadthaurung, Waitowrung, Wardy yallock, Warra, Wathaurang, Wathaurung, W",VIC,-37.83817245,143.9211996,https://collection.aiatsis.gov.au/austlang/language/s29
S3,Portaulun,"Birdawulung, Pomunfs, Poomunda, Portawulum, Putjin, Warawalda, Warawalde, Welindjeri, Welinyeri, Wellington tribe, Bordawulung, Portawulun, Potawolin, Pomunda",SA,-35.35171999,139.2042652,https://collection.aiatsis.gov.au/austlang/language/s3
S30,Gulidjan,"Kolakngat, Kolitjon, Gulagngad, Bungilearney Colagiens, Colac conedeet, Coligan, Colijon, Colongulac, Golagngad, Karakoi, Karakoo, Kolac gnat, Kolae, Kolidjon, Koligon, Kolijon, Kolocgnat, Kulidyan, Lolifon, Lolijon, Kolacgnat, the tribe of the Colac, Co",VIC,-38.22820887,143.6955975,https://collection.aiatsis.gov.au/austlang/language/s30
S31,Kurung,"Wathaurong, Wadawurung, Wataurung, Bacchus Marsh dialect, Barabal, Barabull, Barrabool, Coorong, Jibberin, Kurung jang baluk, Kurungjangbaluk, Kurunjang, Monulgundeech, Werang, Yawangi, Gurung, Barra bool",,,,https://collection.aiatsis.gov.au/austlang/language/s31
S31.1,Dja Dja Wurrung,"Jaja wurrung, Djadjawurung, Le Wurung, Jaara, Yaara, Yaura, Yayauring, Jajaurung, Jajowurrong, Jajowrung, Jajowerong, Jajowrong, Jajoworrong, Jurobaluk, Nirabaluk, Nirababaluk, Panyod, Knenknenwurro, Djadja wurrung, Jajawong, Jargow er ong, Dadowong, Jar",VIC,-36.79561055,143.6748529,https://collection.aiatsis.gov.au/austlang/language/s31_1
S32,Lewurung,"Lewuru, Jaara, Lewurru, Yaura, Yarrayowurro, Yayaurung, Jajaorong, Jajaurung, Jajowurrong, Jajo wurong, Jajowrong, Jarjoworong, Jajowerang, Jajowrung, Jajoworrong, Tjedjuwuru, Tyeddyuwurru, Jarrung Jarrung, Ja jow er ong, Djadjawuru, Djadjawurung, Djendj",,,,https://collection.aiatsis.gov.au/austlang/language/s32
S33,Weki Weki,"Piangil, Biangil, Watiwati, Wathiwathi, Watthiwatthi, Wattewatte, Watty watty, Wotti wotti, Withaija, Wohdi Wohdi, Woani, Woonyi, Dacournditch","NSW,VIC",-35.0367157,143.3622313,https://collection.aiatsis.gov.au/austlang/language/s33
S35,Boonwurrung,"Bun wurrung, Bunorong, Barrabool, Boonerwrung, Boon oor rong, Boongerong, Boonoor ong, Boonoorong, Boonurrong, Bunuron, Bunurong, Bunwurru, Bunwurung, Gippsland dialect, Mordialloc tribe, Putmaroo, Putnaroo, Thurung, Toturin, Boatnairo, Boatnarro, Bonuro",VIC,-38.45956946,145.5753229,https://collection.aiatsis.gov.au/austlang/language/s35
S45,Brabralung,"Kurnai, Braiakaulung, Bratauolung, Ganai, Krauatungalung, Tatungalung, Brabiralung, Brabirawilung, Brabirrawulung, Brabolong, Brabrawurung, Brabriwoolong, Brabrolong, Brabrolung, Bundah Wark Kani, Bundhul Wark Kani, Muk thang, Tirtalowakani, Tirthung, Wa",VIC,-37.49857408,147.3284126,https://collection.aiatsis.gov.au/austlang/language/s45
W52,Nokaan,"Noga:n, Nagadja, Nagodja, Ngadja, Akadja, Akady, Akadi, Wiludjanu",WA,-27.24344484,115.1680319,https://collection.aiatsis.gov.au/austlang/language/w52
S36,Woiwurrung,"Wuy wurrung, Woiworung, Wurundjeri, Coolies, Coraloon, Djadjuwuru, Gungung willam, Gunungwillam, Kukuruk, Kurunjang, Mort Noular, Mortnoular, Ngarukwillam, Nuthergalla, Oorongie, Oorongir, Urunjeri, Waarengbadawa, Wainworra, Wairwaioo, Warerong, Warorong",VIC,-37.74220325,145.2932175,https://collection.aiatsis.gov.au/austlang/language/s36
S37,Taungurung,"Dhagung wurrung, Taungurong, Daundwurrung, Minjambuta, Thagunworong, Thaguwurru, Daguwuru, Taguniourung, Dhauhurtwurru, Ngooraialum, Nguralngbula, Mouralungbula, Gnurellean, Ooralim, Butherbaluk, Yawangillam, Yauungillam, Yowangillam, Thagawurung, Thagun",VIC,-37.03159788,145.4797207,https://collection.aiatsis.gov.au/austlang/language/s37
S89,Waywurru / Pallanganmiddang,,,-36.22978341,146.3074993,https://collection.aiatsis.gov.au/austlang/language/s89
S38,Jabulajabula / Yabula Yabula,"Yabala Yabala, Narinari, Pangerang, Yabola, Yabulla, Yabbilyabbila, Yabbil Yabbila, Yabula, Yabula yabula, Yillib Yilliba, Yullaba Yullaba, Joti jota, Jabalajabala, Jabula jabula, Yabulayabula, Panggarang, Pangorang, Pangurang, Pine gorine, Pine go rine,","VIC,NSW",-35.71096376,145.1071433,https://collection.aiatsis.gov.au/austlang/language/s38
S39,Brataualung,"Kurnai, Bratauolung, Brabralung, Braiakaulung, Ganai, Krauatungalung, Tatungalung, Brada:wulung, Bradowoolong, Bratanolung, Brataua, Nulit, Tarrawarrachal, Tarrawarracka, Tarrawarrackel, Bradawurung, Brataolung, Bradowooloong",VIC,-38.71577707,146.4477985,https://collection.aiatsis.gov.au/austlang/language/s39
S4,Ngaralda,"Meru, Ngaralta, Ngawait, Erawirungand, Rankbirit, Ngintait, Nganguruku, Ngaiawung, Agaraltu, Brabirawilung, Ngaralt, Ngaraltu, Wanakald, Wanaulum, Wanaulun, Wanjakalde, Wanyakalde, Wunyakalde",SA,-35.01894864,139.2284113,https://collection.aiatsis.gov.au/austlang/language/s4
S40,Bangerang,"Bandjalang, Bangarang, Banjerang, Banjgaranj, Dadarawa, Jabalajabala, Luntera, Maragan, Moiraduban, Moitheriban, Owanguttha, Pallaganmiddah, Panderang, Pangerang, Panggarang, Panggerang, Pangorang, Pangurang, Pine go rine, Pine gorine, Pinegerine, Pinego",,,,https://collection.aiatsis.gov.au/austlang/language/s40
S41,Brayakaulung,"Kurnai, Braiakaulung, Brabralung, Bratauolung, Ganai, Krauatungalung, Tatungalung, Braiakolung, Brajagawulung, Brayakaboong, Brayakau, Breagalong, Nulit, Brayagawulung, Braiakaolung",VIC,-37.87250838,146.579627,https://collection.aiatsis.gov.au/austlang/language/s41
S42,Tatungalung,"Kurnai, Brabralung, Braiakaulung, Bratauolung, Ganai, Krauatungalung, Bouliboul, Bundahwark kani, Dadungalung, Gunggala dhang, Karnathun, Krauatun kurnai, Kroatungolung, Krow ithun koolo, Krowathun Koolung, Muk dhang, Nulit, Tatoongolong, Tatung, Tatunga",VIC,-38.08757182,147.4409116,https://collection.aiatsis.gov.au/austlang/language/s42
S43,Gundungerre / Yaithmathang,"Jaitmatang, Djilamatang, Duduroa, Kandangora, Omeo tribe, Theddora, Yaitmathang, Balangamida, Brajerak, Dhudhuroa, Dyinning middhang, Ginning matong, Gundanara, Gundanora, Jadjmadang, Jaithmathang, Jaitmathang, Jandangara, Jeenong metong, Kandangoramittu","NSW,VIC",-36.72357547,147.5218959,https://collection.aiatsis.gov.au/austlang/language/s43
S44,Dhudhuroa,"Djiningmiddang tribe, possible further name: Yaithmathang, Jaitmatang, Duduroa, Djilamatang, Kandangora, Omeo tribe, Theddora, Yaitmathang, Dhudhruwa, Dhuduroa, Do, dor, dee, Dodora, Dodoro, Toutourrite, Theddora mittung, Duduruwa, Tharamirttong, Tharami",VIC,-36.36416851,147.6925952,https://collection.aiatsis.gov.au/austlang/language/s44
S62,Kuringgai,"Cameeragal, Awabakal, Kameraigal, Karikal, Garigal",NSW,-33.4064832,151.3342223,https://collection.aiatsis.gov.au/austlang/language/s62
W53,Wirlu,,,,,https://collection.aiatsis.gov.au/austlang/language/w53
S46,Ngarigu / Ngarigo,"Ngarrugu, Walgalu, Bemeringal, ""Boombala tribe"", Bradjerak, Brajerak, Brajeran, ""Cooma tribe"" Currak da bidgee, Garego, Guramal, Gurmal, ""Menero tribe"", Murring, Narigo, Ngarago, Ngaragu, Ngarego, Ngarico, Ngarroogoo, Ngarrugo, Ngaruku, Ngaryo, Ngundura,","ACT,NSW,VIC",-35.90218835,148.7673745,https://collection.aiatsis.gov.au/austlang/language/s46
S47,Walgalu,"Guramal, Gurmal, Ngambri, Ngurmal, Kamberri , Tumut River people, Tumut tribe, Walgadu, Walgal, Walgulu, Wolgah, Wolgal","ACT,NSW",-35.69606229,148.6050824,https://collection.aiatsis.gov.au/austlang/language/s47
S48,Krauatungalang,"Thangquai, Kurnai, Krauatungalung, Brabralung, Braiakaulung, Bratauolung, Ganai, Tatungalung, Kroatungolung, Krow ithun koolo, Krauatungulung, Krowithunkoolo, Grawadungalung, Thangguai, man",VIC,-37.59315288,148.3379129,https://collection.aiatsis.gov.au/austlang/language/s48
S49,Bidawal,"Bidhawal, Bidwell, Biduwul, Beddiwell, Bida:wal, Biduelli, Bidwelli, Bidwill, Birdawal, Birdhawal, Birtowall, Kwai dhang, Maap, Muk dhang, Birrdhawal, Bid, doo, wul, Bidooal, Bida, Brida, Bidwilli, Bida:wa:l, Mawp, Muk thang, Mukdhang, Mukthang","NSW,VIC",-37.38307107,149.0529849,https://collection.aiatsis.gov.au/austlang/language/s49
S5,Peramangk,"Marimejuna, Meraldi, Mereldi, Merildakald, Mount Barker tribe, Ngurlinjeri, Peramarma, Tarrawatta, Wangarainbula, Waugarainbula, Baramangg, Paramangk",SA,-34.86256714,138.8922004,https://collection.aiatsis.gov.au/austlang/language/s5
S50,Guyangal,Gujangal,,,,https://collection.aiatsis.gov.au/austlang/language/s50
S51,Dyirringañ,"Djirringanj, Yuin, Djiringanj/Dyirringan, Dhurga, Djiringanj, Dyirringan, Thaua, Thawa, Walbanga, Wandandian, Dyirringany, Jiringayn, Jeringin, Djirringany",NSW,-36.69382882,149.7215944,https://collection.aiatsis.gov.au/austlang/language/s51
S52,Thawa,"Yuin, Thaua/Thawa, Dhurga, Djiringanj, Dyirringan, Thaua, Walbanga, Wandandian, Baianga, Dhu:rga, Du:rga, Durga, Guyanagal, Guyangal yuin, Guyangalyuin, Katungal, Murring, Paienbera, Paiendra, Tadera manji, Tadermanji, Taua, Tauaira, Tharawal, Thauaira,",NSW,-37.16713269,149.5988333,https://collection.aiatsis.gov.au/austlang/language/s52
S53,Dhurga,"Yuin, Djiringanj, Dyirringan, Thaua, Thawa, Walbanga, Wandandian, Thurga, Thoorga, Tindale, Wurm, Dhu:rga, Oates, Durga, Bugellimanji, Bargalia, Moruya tribe, Thauaira, Du:rga, Tharawal, Tadera manji, Guyanagal, Guyangal yuin, Murring, Katungal, Baianga,",NSW,-35.61911449,150.094706,https://collection.aiatsis.gov.au/austlang/language/s53
S54,Walbunja,"Walbanga, Yuin, Dhurga, Djiringanj, Dyirringan, Thaua, Thawa, Wandandian, Bargalia, Bugellimanji, Moruya tribe, Thoorga, Thurga, Bugellimangi",NSW,-35.82392524,149.8854398,https://collection.aiatsis.gov.au/austlang/language/s54
S55,Wandandian,"Yuin, Dhurga, Djiringanj, Dyirringan, Thaua, Thawa, Walbanga, Dharamba, Dharumba, Gurial, Jervis Bay tribe, Kurialyuin, Kuriel, Murraygaro, Tharumba, Wandanian, Kurial yuin",NSW,,,https://collection.aiatsis.gov.au/austlang/language/s55
S56,Dharamba,"Dhurga, Tharumba, Wandandian, Kurial yuin, Murraygaro, Jervis Bay tribe",NSW,-35.15101581,150.3412006,https://collection.aiatsis.gov.au/austlang/language/s56
S59,Dharawal,"Bidjigal, Dharrawal (Besold, 2013), Tharawal, Thurawal, Wodiwodi, Dariwal, Gujangal, Guyangal, Dharawa, Thurrawal, Turuwul, Turrubul, Turuwull, Turawal, Dharawal, Darawal, Mathews, Darawa:l, Carawal, Thurrawall, Turu wal, Ta ga ry, Five Islands tribe",NSW,-34.56576533,150.6794074,https://collection.aiatsis.gov.au/austlang/language/s59
S6,Ngangaruku,"Meru, Nganguruku, Ngawait, Erawirungand, Rankbirit, Ngintait, Ngaralta, Ngaiawung, Nkanguru, Ngangurugu",SA,-34.8315374,139.4514003,https://collection.aiatsis.gov.au/austlang/language/s6
S60,Gundungurra / Gandangara,"Burragorang, Gundungura, Gundaahmyro, Gundungorra, Cundunorah, Gundungari, Gundanora, Gurra gunga, Gungungurra, Gandanguurra",NSW,-34.39757906,149.7244915,https://collection.aiatsis.gov.au/austlang/language/s60
S61,Eora,"Sydney, Iora, Gamaraygal, Iyora, Biyal Biyal, Eo ra, Ea ora, Yo ra, Kameraigal, Kem:arai, Kemmaraigal, Camera gal, Cammera, Camerray gal, Cam meray, Kemmirai gal, Gweagal, Bedia mangora, Gouia gul, Gouia, Botany Bay tribe, Wanuwangul, Kadigal, Caddiegal,",NSW,-33.77772455,151.1754973,https://collection.aiatsis.gov.au/austlang/language/s61
W54,Yinigudira,,,,,https://collection.aiatsis.gov.au/austlang/language/w54
W55,Jaburu,,,,,https://collection.aiatsis.gov.au/austlang/language/w55
S63,Wanarruwa,"Wonarua, Awabakal, Wanarua, Wonnuaruah, Wannerawa, Wonnah Kuah",NSW,-32.23955799,150.9248291,https://collection.aiatsis.gov.au/austlang/language/s63
S64,Dharug / Darug,"Sydney, Dharuk, Other Australian Indigenous Languages, Dharuk etc, Daruk, Oharruk, Dharrok, Darrkinyung, Dharruk, Dharrook, Darrook, Broken Bay tribe",NSW,-33.88957787,150.0484124,https://collection.aiatsis.gov.au/austlang/language/s64
S65,Darkinyung,"Darkinjung, Darkinung, Darkinjang, Darginyung, Darknung, Darkin nyoong, Darginjang",NSW,-33.03511724,150.8287049,https://collection.aiatsis.gov.au/austlang/language/s65
S66,Awabakal,"Awabagal, Other Australian Indigenous Languages, Awaba, Kuri, Kuringgai, Lake Macquarie, Awarbukal, Arwarburkarl, Newcastle tribe",NSW,-33.05505807,151.5266736,https://collection.aiatsis.gov.au/austlang/language/s66
S67,Yuin,"Dhurga, Djiringanj, Dyirringan, Thaua, Thawa, Walbanga, Wandandian, Jeringin, Juwin",NSW,,,https://collection.aiatsis.gov.au/austlang/language/s67
S68,KURNAI,"Kanai, Muk thang, Gaanay, Gunai, Kunnai, Brabralung, Braiakaulung, Bratauolung, Ganai, Krauatungalung, Tatungalung, Gunai group, Gurnai, Kurmai, Muk Thang, Kurnai, Cunni, Gooni, Gunna, Guna",VIC,-37.97511,146.9726247,https://collection.aiatsis.gov.au/austlang/language/s68
S69,NGARRINDJERI,"Ngarrindjeri, Narrinyeri, Jarildukald, Meintangk, Pirtulun, Ramindjeri, Tanganukald, Warki, Alkaiyana, Koiyana, Kokkaiya, Korariga, Kororega, Kowrarega, Narrinjeri, Wathai yunu, Ngarinyeri, Narinyerrie, Narrinyerree, Narinjari, Yaralde",SA,-35.75823067,139.2691002,https://collection.aiatsis.gov.au/austlang/language/s69
S7,Ngayawang,"Narrinyeri, Meru, Ngaiawung, Ngawait, Erawirungand, Rankbirit, Ngintait, Ngaralta, Nganguruku, Aiawong, Aiawung, Ajawung, Birta, Iawung, Karn brikolenbola, Moorunde, Moorundee, Moorundie, Murundi, Naiawu, Ngaiawang, Ngaijawa, Ngaiwung, Ngaiyau, Ngaiyawa,",SA,-34.40329243,139.501603,https://collection.aiatsis.gov.au/austlang/language/s7
S70,Buibadjali,"Buibatyalli, Wotjobaluk, Buiba tyalli, Buibatjali, Wotjo ba laiuruk, Wuttya bullak, Wuttyuballeak, buibaty alli, Wattyabullak, Woychibirik, Woitu bullar, Tjatijala, Tyatty alla, Djadjala, Iyattyala, Kurm me lak, Wimmera tribe, Gourrbaluk, Gnallba gootchy",VIC,-35.71487213,142.4199042,https://collection.aiatsis.gov.au/austlang/language/s70
S71,Gadubanud,"Katubanut, Wild blacks, Yarro waetch, Pallidurgbarran",VIC,-38.61824264,143.6440107,https://collection.aiatsis.gov.au/austlang/language/s71
S72,Wichintunga,"Marditjali, Wichantunga, language, speech, Witjintanga",VIC,,,https://collection.aiatsis.gov.au/austlang/language/s72
S73,Djargurd Wurrong,"Tjarcote, Djargurdwurung, Kolakngat, Warn Tallin, Djagurd wurrung, Tjarn, coort nation, Tautgort, Tarrkoort, Jarcoort tribe, Jarncoort, Charcate, Jar goort nation, Tcharcate hoo, rong, Jahcourt, Tarcoort, Tjarcoort, Tarcote nation, Jarncote, Jarcote, Tan",VIC,-38.17535396,143.2568156,https://collection.aiatsis.gov.au/austlang/language/s73
S74,Gaiwurrung,"Kii wuurong, Kii, Gai wurung, Gai wurrung",VIC,-38.02406387,142.3483051,https://collection.aiatsis.gov.au/austlang/language/s74
S96,Hawkesbury River - Broken Bay language,,NSW,-33.50570358,151.2190358,https://collection.aiatsis.gov.au/austlang/language/s96
S75,Koornkopanoot,"Gurngubanud, Kuurn kopan noot tribe, Kuurn kopan noot kuurndit, Kuurn kopan noot, Kurn kopan nut, Kourn kopan, Kaurnkopan, Gurngobanud",VIC,-38.16991503,142.3290197,https://collection.aiatsis.gov.au/austlang/language/s75
S76,Moatatunga,Mootatunga,VIC,,,https://collection.aiatsis.gov.au/austlang/language/s76
S77,Bi:gwurrung,"Peek Whurrung, Peek Whurrong, Big Wurrung, Port Fairy tribe, Peek whuurong, Peek whurrong, Peek whurrong kuurndit, Peek whurong, Peek whunrong, Peekwurru, Peek wuurong, Peak whurrong, Kelp Lip tribe, Bigwurung, Peek Whorung, Bi:gwurung, Peekwhuurong",VIC,-38.29384535,142.2743071,https://collection.aiatsis.gov.au/austlang/language/s77
S78,Pinejunga,Pinechunga,VIC,,,https://collection.aiatsis.gov.au/austlang/language/s78
S79,Taloinjunga,"Polinjunga, Toloinjunga",VIC,,,https://collection.aiatsis.gov.au/austlang/language/s79
S8,Yaraldi,"Yaralde, Yaralde Tingar, Narrinyeri, Jaralde, Jaraldi, Jarildekald, Jarildi, Jarildikald, Lakalinyeri, Narrinyerree, Narrinjeri, Narrinyerrie, Pitta, Pitta pitta, Warawalde, Yalawarre, Yarilde, Yarildewallin, Yarrildie, Piccanini Murray people",SA,-35.45131812,139.3755135,https://collection.aiatsis.gov.au/austlang/language/s8
W56,West Ngarluma,,,,,https://collection.aiatsis.gov.au/austlang/language/w56
S80,Wirngilgnad dhalinanong,"Wirngnilgnad dhalinanong, Wirngilg nad dhalinanong, Wirngill gnatt tallinanong",VIC,-38.4881774,143.021138,https://collection.aiatsis.gov.au/austlang/language/s80
S81,Wulluwurrung,"Wol, low, wer, to, ro, Wal, lo, er, rer tribe  Glenelg tribe, Woollo er rer tribe, Wollorerer, Wol lowen natives, Wol lore rer natives, lore, rer, Glenelg blacks, Wol lore rer, Wallowerer, Wool ler ware rong, Wol lore, conedeet, Woolowerong konedeet, Woo",VIC,-37.84321112,141.634233,https://collection.aiatsis.gov.au/austlang/language/s81
S82,Koort-Kirrup,,VIC,,,https://collection.aiatsis.gov.au/austlang/language/s82
S83,Ngurai-illamwurrung,"Ngurraiillam, Ngurelban, Ngurai illam wurrung, Worilum, Worilelum, Worileum, Woralelum, Wor rile lum, Wor rale lum, Worelelum, Wuy, u, roo, Gunn el ban, Gnurellean, Nouralung bula, Mour alung bula, Nguralung bula, Noorillim, Ngooraialum, Ngurilim, Oorai",VIC,-36.47280966,145.0816926,https://collection.aiatsis.gov.au/austlang/language/s83
S84,Jagwadjali,"Richardson River tribe, Richardson Valley blacks",VIC,-36.32162554,142.6846621,https://collection.aiatsis.gov.au/austlang/language/s84
S85,Biwadjali,"Bewa tyalli, Bewa be watyalli",VIC,-36.30586137,141.7856832,https://collection.aiatsis.gov.au/austlang/language/s85
S86,Pirtpirtwurrung,"Pirt pirt wurrung, Pirt kopan noot, Bird Bird Wurung, Birdbird wurrung",VIC,-37.41394871,142.7988146,https://collection.aiatsis.gov.au/austlang/language/s86
S87,Nundadjali,"Nundatyalli, Howitts Mukjarawaint, Currs Brapkut appear to be variants of Nundadjali",VIC,-37.3893342,141.8004833,https://collection.aiatsis.gov.au/austlang/language/s87
S88,Wotjobaluk,"Wutjabulak, Wudjubalug, Wotjoballuk, Wotjo baluk, Wotjo  balluk, Wotjoballaiuk, Wotjoballuck, Guli ballaiuk, Wutyuballeak tribes, Wuttyubullak, Wuttyabullak, Wotjo, Wotjobolak, Wotjobalek, Wutjubaluk, Wotjo tribe, Wotjo ba laiuruk, Wattyabullak, Woychibi",VIC,-35.72406138,142.9995632,https://collection.aiatsis.gov.au/austlang/language/s88
S9,Ngarkat,"Ngargad, Ngarkut, Arkatko, Baine Hill tribe, Baripung, Beeripung, Beripar, Booripung, Boraipar, Boripar, Buripung, Deenbauraket, Doen baurarket, Doenbauraket, Duwinbarad, Duwinbarap, Duwinbaray, Jackalbarap, Jacke gilbrab, Jackegilbrab, Jakalbarap, Jakel",SA,-35.36113555,140.3522447,https://collection.aiatsis.gov.au/austlang/language/s9
S90,Minjambuta,"Taungurong, Daundwurrung, Mogullumbidj, Minyambuta, Mogul lumbitch",VIC,-36.81018372,146.6341949,https://collection.aiatsis.gov.au/austlang/language/s90
S91,Nulit,,,,,https://collection.aiatsis.gov.au/austlang/language/s91
S92,Wathurung,"Wathaurung, Wadthaurung, Wudjawurung, Witowurung, Witowurrong, Witawurong, Witowro, Witoura, Wuddyawurru, Wiityahuuroong, Wooeewoorong",,,,https://collection.aiatsis.gov.au/austlang/language/s92
S93,Ngarad,,,,,https://collection.aiatsis.gov.au/austlang/language/s93
S94,Jupagalk,"Yugapulk, Jambajamba, Yamba, Yam bayamba, Yuppila, Yupa galk wournditch, Yow ew nil lurn, Towanninny, Mallenjer rick",,,,https://collection.aiatsis.gov.au/austlang/language/s94
S95,Djilamatang,"Waananga, man",,,,https://collection.aiatsis.gov.au/austlang/language/s95
S97,Kwat Kwat,"Quart Quart Kwat Kwat, Quart Quart, Emu Mudjug tribe, Pikkolatpan",VIC,,,https://collection.aiatsis.gov.au/austlang/language/s97
S98,Southern Ngarigu,,"NSW,VIC",,,https://collection.aiatsis.gov.au/austlang/language/s98
S99,Hunter River - Lake Macquarie language,"Hunter River - Lake Macquarie language, Awabakal, Geawegal, Karikal, Garigal, Wonnaruah, Wanarruwa, Kuringgai",NSW,,,https://collection.aiatsis.gov.au/austlang/language/s99
T1,Northern Tasmanian,"Tommeginne, North tribe, North Tasmania, North Tribe, Northern",TAS,-41.3250503,146.0335821,https://collection.aiatsis.gov.au/austlang/language/t1
T10,South-western Tasmanian,"Toogee, Southwest tribe, South West, Western",TAS,-43.40036118,146.0712872,https://collection.aiatsis.gov.au/austlang/language/t10
T11,Robbins Island Tasmanian,"Peerapper, Northwest tribe, North West, Western",TAS,-40.66698251,144.9557269,https://collection.aiatsis.gov.au/austlang/language/t11
T12,Circular Head Tasmanian,"Peerapper, Northwest tribe, North West, Northern",TAS,-40.85677608,145.3737333,https://collection.aiatsis.gov.au/austlang/language/t12
T13,Port Sorell Tasmanian,"Tommeginne, North tribe, North, Northern",TAS,-41.27554866,146.5680726,https://collection.aiatsis.gov.au/austlang/language/t13
T14,Piper River Tasmanian,"Pyemmairrener, Northeast tribe, North East, North eastern",TAS,-41.13581009,147.4024295,https://collection.aiatsis.gov.au/austlang/language/t14
T15,Little Swanport Tasmanian,"Paredarerme, Oyster Bay tribe, Oyster Bay, Mid eastern",TAS,-42.44063808,147.9564732,https://collection.aiatsis.gov.au/austlang/language/t15
T16,palawa kani,Trawlwulwuy,TAS,,,https://collection.aiatsis.gov.au/austlang/language/t16
T2,Oyster Bay Tasmanian,"Paredarerme, Oyster Bay tribe, Oyster Bay, Little Swanport, Mid eastern",TAS,-42.50356683,147.7687148,https://collection.aiatsis.gov.au/austlang/language/t2
T3,North-western Tasmanian,"Peerapper, Northwest tribe, Circular Head, North Western, Robbins Island, Northwest Tasmania, North West Tribe, Western",TAS,-41.24561427,144.872146,https://collection.aiatsis.gov.au/austlang/language/t3
T4,North Midlands Tasmanian,"Tyerrernotepanner, North Midlands tribe, Mid eastern",TAS,-41.66769926,147.1881334,https://collection.aiatsis.gov.au/austlang/language/t4
T5,South-eastern Tasmanian,"Nuenonne, Southeast tribe, Southeast Tasmania, South East, South eastern",TAS,-43.2255444,146.9977361,https://collection.aiatsis.gov.au/austlang/language/t5
T6,Macquarie Harbour Tasmanian,,,-42.47607333,145.3373947,https://collection.aiatsis.gov.au/austlang/language/t6
T7,Ben Lomond,,,-41.51639687,147.802052,https://collection.aiatsis.gov.au/austlang/language/t7
T8,Big River Tasmanian,"Lairmairrener, Big River tribe, Big River, Mid eastern",TAS,-42.42506146,146.7588803,https://collection.aiatsis.gov.au/austlang/language/t8
T9,Cape Portland Tasmanian,"Pyemmairrener, Northeast tribe, North East, North eastern",TAS,-41.08251068,148.0593228,https://collection.aiatsis.gov.au/austlang/language/t9
W1,Bibulman,"Nyungar, Pipalman, Nyunga, Bibbulman, Beebulmun, Dibelman, Meeraman, Peopleman, Pibelmen, Bajongwongi, Bebleman, Bibalman, Bibbulmun, Bibilum, Bibu:lmoun, Bibulmun, Murram, Nurram, Peoplemen, Pepelman, Pibelman, Pibilum, Piblemen, Pipelman, Bibalman/Njun",WA,-34.41874914,115.9466385,https://collection.aiatsis.gov.au/austlang/language/w1
W10,Balardong,"Balardung, Ballerdokking, Boyangura, Maiawongi, Mudila, Toode nunjer, Waljuk, Warranger, Warrangul, Baladon, Balardong, Balladong, Ballardon, Ballerdocking, Boijangura, Booyungur, Boyangoora, Mean anger, Meenung, Meernanger, Minang, Minnal Yungar, Minung",WA,-31.55554595,117.1316871,https://collection.aiatsis.gov.au/austlang/language/w10
W11,Yuat,"Nyungar, Iwat, Juat, Jurien Bay tribe, Yanchep tribe, Yuwat, Jabanwongi, Jaburu jungara, Juad, Minnalyungar, New Norcia tribe, Tirarop, Yuaát, Yuard, YuedMurara, Yued",WA,-30.85744442,115.9193612,https://collection.aiatsis.gov.au/austlang/language/w11
W12,Amangu,"Amandyo, Amangoo, Champion Bay tribe, Ying, Emangu, Geraldton tribe, Jing, Merenji, Naakurdi, Njaagurdi, Nyaakurdi, Nyaakurti, Amangu/Njaagurdi, Nhaaguja, man",WA,-29.47328681,115.5298235,https://collection.aiatsis.gov.au/austlang/language/w12
W13,Watjanti,"Watchandi, Nhanta, Kalaamaya, Watjanmay, Eaw, Galamaia, Jabururru, Jawan, Kalamaia, Kelamai, Natingero, Takalako, Yabro, Wadjandi, Watchandie, Watjandi, Nanda, Wadyandi, Watjandee, Wattandee, Wattandi, Jau, Yau, Buluguda, Bulgulu, Tamala, Daguda",WA,-28.10047626,114.687957,https://collection.aiatsis.gov.au/austlang/language/w13
W14,Nhanda^,"Nhanta, Yinggarda, Eaw, Watjanti, An gaur die, Bulgulu, Buluguda, Daguda, Eau, Jau, Nandatharia, Nanta, Ngoogooja, Nunnagundee, Tamala, Watchandi, Watchandie, Watjandi, Yau, Yaw, Amangu, Wilunya",WA,-26.72458627,113.9743977,https://collection.aiatsis.gov.au/austlang/language/w14
W57,East Ngarluma,,,,,https://collection.aiatsis.gov.au/austlang/language/w57
W15,Thaagurda,"Malkana, Buluguda, Damala, Malgana, Tamala, Dagurda, Nanda, Thaagurda, Thaawurda, Takurda, Jau, Yau, Eaw, Watjandi, Watchandi, Watchandie, Bulgulu",,-27.16965702,114.799097,https://collection.aiatsis.gov.au/austlang/language/w15
W16,Damala,"Malkana, Damala/Tamala, Buluguda, Daguda, Malgana, Tamala, Nanda, Thaamala, Jau, Yau, Eaw, Watjandi, Watchandi, Watchandie, Bulgulu",,,,https://collection.aiatsis.gov.au/austlang/language/w16
W17,Buluguda,"Malkana, Daguda, Damala, Malgana, Tamala, Bulguda, Nanda, Bulugurda, Jau, Yau, Eaw, Watjandi, Watchandi, Watchandie, Bulgulu",WA,-26.05703503,113.8052951,https://collection.aiatsis.gov.au/austlang/language/w17
W18,Malgana,"Malkana, Buluguda, Daguda, Damala, Tamala, Madjana, Majanna, Maldjana, Malyana, Marlgana",WA,-26.36688969,114.3834971,https://collection.aiatsis.gov.au/austlang/language/w18
W19,Yingkarta,"Ingada, Yinggarda, Angardie, Ingara, Inparra, Jinggarda, Mandi, Manthi, Tedei, Thirrily, Angaardi, Angaardie, Ingadi, Ingarda, Ingarra, Ingarrah, Inggadi, Inggarda, Ingra, Jaburu, Kakarakala, Kurudandi, YinggardaAngardie",WA,-24.94564878,114.5358185,https://collection.aiatsis.gov.au/austlang/language/w19
W2,Mirnang / Mineng,"Nyungar, Minang, Nyunga, Mearn anger, Meenun, Minnal Yungar, Mirnong, Mount Barker tribe, Meenung, Mining, Minninng, Minong, Minung, Mean anger, Meern anger",WA,-34.72182444,117.564632,https://collection.aiatsis.gov.au/austlang/language/w2
W20,Maya,"Maia, Majanna, Miah, Maja",WA,-24.42195415,114.3320813,https://collection.aiatsis.gov.au/austlang/language/w20
W21,Tharrkari,"Dhargari, Tharrgari, Targari, Tharkarri, Dalgari, Dargari, Tarkari, Tarkarri, Tarlgarri, Tarugari, Thadgarri, Thargari, Tarl garri",WA,-23.75654662,114.9619856,https://collection.aiatsis.gov.au/austlang/language/w21
W22,Warriyangga,"Warriyangka, Wariyangga, Malgaru, Malykaru, Warianga, Woorienga, Wadi, Wadiwangga, Wari wonga, Wariangga, Warienga, Wariengga, Wariwonga, Wariwongga, Warrijangga, Warriwonga, Woorenga, Worrienga, Wariyanga, iengga",WA,-24.62970191,115.7719536,https://collection.aiatsis.gov.au/austlang/language/w22
W23,Bayungu,"Payungu, Baijungu, Binnigoora, Payu, Pinneegoora, Baijungo, Baiong, Baiung, Bajungu, Biong, Mulgarnoo, Paiunggu, Pajungu, Baiyungu",WA,-23.2094939,113.9520999,https://collection.aiatsis.gov.au/austlang/language/w23
W24,Burduna,"Purduna, Boordoona, Buruna, Budina, Budoona, Buduna, Peedona, Pinneegooroo, Poodena, Poordoona, Puduna, Purduma, Wati Paruna, Bootena, Wati Puruna, Burdana",WA,-23.04794101,115.1152077,https://collection.aiatsis.gov.au/austlang/language/w24
W25,Thiin,"Djiwarli, Denma, Dhiin, Tenma, Deen, Te:n, Teen, Teenma, Thenma, Thiinma",WA,-23.71156576,116.6801157,https://collection.aiatsis.gov.au/austlang/language/w25
W26,Thalanyji,"Thalantji, Other Australian Indigenous Languages, Dhalandji, Dalandji, Djalandji, Inikurdira, Jinigudira, Talandji, Yinikurtira, Dalaindji, Dalangi, Dalanjdji, Dalendi, Djalandi, Djalendi, Mulgarnu, Talaindji, Talainji, Talandi, Talangee, Talanjee, Talan",WA,-22.52288555,114.940864,https://collection.aiatsis.gov.au/austlang/language/w26
W28,Jiwarli,"Tjiwarli, Djiwarli, Djiwali, Dyiwarli, Guwari, Jiwali, Kuwari, Mantharta, Tai warli, Tjiwarliny, Jivali, Tci warli, Tjiwali, Tivali",WA,-23.49730603,115.900919,https://collection.aiatsis.gov.au/austlang/language/w28
W47,Yapurarra,"Jaburrara, Yaburara, Jaburara, Jaburrarra, Yaburarra, Jaburara ngaluma, Jaburrara ngarluma, Madoitja",WA,-20.67151533,116.6867782,https://collection.aiatsis.gov.au/austlang/language/w47
W3,Wardandi,"Wartanti, Other Australian Indigenous Languages, Doonin, Jabaru, Belliman, Bunbury tribe, Dornderupwongy, Dunanwongi, Geographe Bay tribe, Kardegur, Vasse tribe, Wadarndi, Wadjandi, Yabaroo, ""Bunbury tribe"", Dardanup, Dordenup, ""Geographe Bay, Vasse trib",WA,-33.85692942,115.4378526,https://collection.aiatsis.gov.au/austlang/language/w3
W30,Nhuwala,"Ngoala, Noala, Nornamaronga, Jawanmala, Noalla, Noanamaronga, Noella, Nooanamaronga, Nooanamarongo, Nooela, Nuala, Nuela, Nunkaberi, Nuwala",WA,-21.53883663,115.6860132,https://collection.aiatsis.gov.au/austlang/language/w30
W31,Yarnarri,"Kurrama, Janari, Gurama, Jardira, Kerama, Korima, Niabali, Njiabali, Njijabali, Iabali, Jana, Yarnarri",,,,https://collection.aiatsis.gov.au/austlang/language/w31
W33,Jurruru,"Tjurruru, Churoro, Djuroro, Joruro, Tchuraru, Tjuroro, Yankurangku, Choororo, Chooraroo, Djururu, Tjororo, Tjururu, Tjururo, Djururo, Dyururu",WA,-23.23202179,116.9072218,https://collection.aiatsis.gov.au/austlang/language/w33
W58,Yindjibarndi Padupadu,,,,,https://collection.aiatsis.gov.au/austlang/language/w58
W34,Pinikura,"Pinigura, Binnigoora, Pinneegoora, Biniguru, Binnigora, Binniguru, Pinikurra",WA,-23.03055906,116.372795,https://collection.aiatsis.gov.au/austlang/language/w34
W35,Martuthunira,"Other Australian Indigenous Languages, Martuyhunira, Mardathon, Mardatuna, Mardayunira, Mardudjungara, Mardudunera, Padupadu, Jawunmala, Maratunia, Mardadhunira, Mardadhuniya, Mardathoni, Mardathoonera, Mardathunera, Mardathunira, Mardatunera, Mardudhoon",WA,-21.40548435,116.4508797,https://collection.aiatsis.gov.au/austlang/language/w35
W36,Kurrama,"Other Australian Indigenous Languages, Gurama, Janari, Jardira, Kerama, Korima, Gurrama, Jana:ri, Jawunmara, Karama, Karima, Korama, Kurama, Yarnarri, Yinyjiwarnti Kurrama, Mijarranypa, Marntartka, Ngamangamara",WA,-22.3454093,117.1252561,https://collection.aiatsis.gov.au/austlang/language/w36
W37,Yindjibarndi,"Yinjtjiparnrti, Burnugundi, Indjibandi, Jaurnmalu, Mandanjingu, Binjiebandie, Een ge pan ty, Indjiban, Indjibandje, Indjibandji, Ingibandi, Injibandi, Jana:ri, Jindiparndi, Jindjaparndi, Jindjibandi, Jindjibandji, Jindjibanji, Jindjiparndi, Kakardi, Mand",WA,-21.73766145,117.8681774,https://collection.aiatsis.gov.au/austlang/language/w37
W38,Ngarluma,"Kymurra, Ngaluma, Gnalluma, Gnalooma, Gnalouma, Jaburarra, Jaburrara ngarluma, Karira Ngaluma, Naluma, Ngalama, Ngallooma, Ngalluma, Ngalooma, ""Nickol Bay"" tribe, Paljari, Qualluana, Ngar luma, Nickol Bay tribe",WA,-20.98223936,117.5563976,https://collection.aiatsis.gov.au/austlang/language/w38
W39,Kariyarra,"Kariera, Kudjunguru, Kariara, Gariera, Gariyarra, Kaierra, Karriara, Karriarra, Kyeara, Kyreara, Minjiburu, Minjirbururu, Minjubururu, Paljarri, Minjiburu:",WA,-20.87080495,118.4788129,https://collection.aiatsis.gov.au/austlang/language/w39
W4,Kaniyang,"Nyungar, Kaneang, Nyunga, Ganeang, Jabururru, Kunyung, Ganajang, Harvey, Jaburu, Jabururu, Ka:lbaranggara, Kaleap, Kaniyan, Kunjung, Quailup, Qualeup, Qualup, Uduc, Waal, Yobberore, Ganiyang, Ka:lbar anggara, Uduc Harvey tribe, Qua lup, g",WA,-33.98415512,116.6983021,https://collection.aiatsis.gov.au/austlang/language/w4
W40,Ngarla,"Kudjunguru, Other Australian Indigenous Languages, Ngurla, Bedengo, Bidungo, Bidungu, Gnalla, Nga:la, Ngaea, Ngala, Ngalana, Ngerla, Ngirla, Ngoorla, Palatoj, Pardoo, Pedong, Peedona, Peedong, Pidungu, Pidong, Wanbarda",WA,-20.26323035,119.7052335,https://collection.aiatsis.gov.au/austlang/language/w40
W41,NOONGAR / NYOONGAR,"Nyungar, Nyunga, Wudjari, Njunga, Wudjarima, Wudjari:ma, Wuda, Wudja, Widjara, Warangu, Kwaitjman, Ngokwurring, Ngokgurring, Nunga, Njungar, Nonga, Yunga, Bremer Bay tribe, Yungar, Njungura, Karkar, Caskcar  Daran for Wudjari, Nyulnga",WA,-32.92213484,117.8400129,https://collection.aiatsis.gov.au/austlang/language/w41
W42,Northern Yingkarta,"Yinggarda, Mandi/Manthi, Angardie, Ingada, Ingara, Inparra, Jinggarda, Mandi, Manthi, Tedei, Thirrily, Yingkarta, Maandi, Nandu, Manthai",,,,https://collection.aiatsis.gov.au/austlang/language/w42
W43,Pulinya,Yinggarda,WA,,,https://collection.aiatsis.gov.au/austlang/language/w43
W44,Janadjina,Janadina,WA,-24.73553744,118.2674192,https://collection.aiatsis.gov.au/austlang/language/w44
W45,Watjanmay,"Kalaamaya, Galamaia, Jabururru, Jawan, Kalamaia, Kelamai, Natingero, Takalako, Yabro",WA,-30.42931001,119.9874438,https://collection.aiatsis.gov.au/austlang/language/w45
W46,Southern Yingkarta,"Yinggarda, Tedei/Thirrily, Angardie, Ingada, Ingara, Inparra, Jinggarda, Mandi, Manthi, Tedei, Thirrily, Yingkarta, Tjoki, Choe kie, Chockie",WA,-25.70595009,114.9368643,https://collection.aiatsis.gov.au/austlang/language/w46
W48,Djungundja,,,,,https://collection.aiatsis.gov.au/austlang/language/w48
W49,Jadira,"Kurrama, Jardira, Gurama, Janari, Kerama, Korima, Kawarindjari, Kawarandjari, Ka warandari, Kawarindjara, Kauarindarri, Kauarndhari, Garindjari",WA,-21.84552987,116.1884783,https://collection.aiatsis.gov.au/austlang/language/w49
W5,Goreng / Koreng,"Nyungar, Caracterrup, Corine, Kuriny, Qualup, Warangu, Bremer Bay tribe, Coreng, Cororan, Kaialiwongi, Kaleap, Ko:rengi, Kojonup, Kokar, Mongup, Stirling tribe, Warranger, Warrangle, Warrangoo, Coro ran",WA,-34.01109176,118.4408161,https://collection.aiatsis.gov.au/austlang/language/w5
W50,Jindijind,,,,,https://collection.aiatsis.gov.au/austlang/language/w50
W51,Malygaru,"Warriyangga, Malgaru, Malykaru, Warianga, Woorienga",,,,https://collection.aiatsis.gov.au/austlang/language/w51
W6,Bindjareb / Pinjarup,"Nyungar, Pindjarup, Nyunga, Binjarub, Bangoula, Banyoula, Banyowla, Bindjarub, Binjarab, Darbalung, Kuriwongi, Kurwongi, Murray tribe, Peejine, Penjarra, Pidjain, Pindjarap, Pinjarra, South West tribe, Woodarngup, Wooralgulla, Yaberoo",WA,-32.89836213,115.9165791,https://collection.aiatsis.gov.au/austlang/language/w6
W60,Yinyjiwarnti Kurrama,,WA,,,https://collection.aiatsis.gov.au/austlang/language/w60
W61,Mijarranypa,,WA,,,https://collection.aiatsis.gov.au/austlang/language/w61
W62,Marntartka,,,,,https://collection.aiatsis.gov.au/austlang/language/w62
W63,Ngamangamara,,WA,,,https://collection.aiatsis.gov.au/austlang/language/w63
W65,Djiraly,,,,,https://collection.aiatsis.gov.au/austlang/language/w65
W66,Kongal-marawar,,,,,https://collection.aiatsis.gov.au/austlang/language/w66
W67,Kongal-boyal,,,,,https://collection.aiatsis.gov.au/austlang/language/w67
W68,Purnukundi,,,,,https://collection.aiatsis.gov.au/austlang/language/w68
W69,Marndanjingu,,,,,https://collection.aiatsis.gov.au/austlang/language/w69
W7,Wiilman,"Nyungar, Wilmen, Wiilman, Wheelman, Wilmun, Jaburu, Jabururu, Weal, Weel, Weelabandi, Weil, Wi:lman, Will, Williams tribe",WA,-33.14304707,117.1282318,https://collection.aiatsis.gov.au/austlang/language/w7
W70,Jaurnmalu,"Jaunmalu, Ja'unmalu",,,,https://collection.aiatsis.gov.au/austlang/language/w70
W8,Wudjari,"Nyungar, Wutjari, Nyunga  Daran",WA,-33.66707988,120.5919096,https://collection.aiatsis.gov.au/austlang/language/w8
W9,Wajuk,"Nyungar, Whadjuk, Nyunga, Beelia, Beeloo, Derbal, Ilakuri wongi, Juadjag, Juadjek, Juadjuk, Karakata, Karrakatta, Minal njunga, Minalnjunga, Minnal Yungar, Mooro, Murram, Swan River Tribe, Wadjug, Whajak, Wadjuk, Wadjup, Whajook, Witja:ri, Witjari, Yooad",WA,-31.98148943,116.1239043,https://collection.aiatsis.gov.au/austlang/language/w9
Y1,Kala Lagaw Ya^,"Kalaw Kawaw Ya/Kalaw Lagaw Ya, West Torres, Kalaw Kawaw Ya, Kala Lagaw Langgus, Yagar Yagar, Mabuiag, Kowrarega, Karualaig, Kala Lagaw Langgus Yagar Yagar, Kala Kawaw Ya, Gumulgal people, Torres Strait Islander language, Torres Strait Islander people, We","QLD,TSI",-10.11184745,142.1928892,https://collection.aiatsis.gov.au/austlang/language/y1
Y10,Wuthathi,"Wuthati, Uradhi, Wotati, Wutati, Wotadi, Wudjadi",QLD,-12.02213466,143.0671171,https://collection.aiatsis.gov.au/austlang/language/y10
Y100,Koko Kai-kai,"Kai kai, Koko gajgaj, Gai gai, Gugu Gai Gai",QLD,-16.2473143,145.4505726,https://collection.aiatsis.gov.au/austlang/language/y100
Y101,Uw Oykangand,"Uw Oykangand, Oykangand, Koko Wangkara, Kunjen, Kuantari, Kundara, Gundara, Goondarra, Wangara, Wanggara, Kokowanggara, Kokawan gar, Kokatabul, Kokodaue, Koko daua, Oikand",QLD,-15.59967224,142.0212186,https://collection.aiatsis.gov.au/austlang/language/y101
Y102,Tjapatja,"Djabadja, Wakaman, Tyapatha, Wagaman, Wakkamon, Warkaman, Warkeeman, Warkeemin, Warkamin, Warkemon, Warkeemon, Wata man, Okenyika",,,,https://collection.aiatsis.gov.au/austlang/language/y102
Y103,Kuku Kulunggur,"Kuku yalanji, Kokokulunggur, Djankun, Jungkurara, Kokojelandji, Kokowalandja, Muluridji, Wakara, Wulpura, Gulunggor, Gulunggur, Ialung, Ialuniu, Jalung, Jalunju, Koko Kulunggu, Koko yalung, Kulunggur, Ngarlkajee, Yalung, Yalunyu, Gugu Gulunggur",QLD,-16.43240635,145.3437055,https://collection.aiatsis.gov.au/austlang/language/y103
Y104,Kuku Wakura,"Kuku, Wakura, Agwamin, Wakara, Kuku yalanji, Ewamin, Wakamon, Djankun, Jungkurara, Kokojelandji, Kokokulunggur, Kokowalandja, Muluridji, Wulpura, Gugu Wagara, Koko wogura, Kookoowarra, Kuku Wagara, Wakoora, Woggara, Wun yurika, Wagara",QLD,-16.67006814,144.2164252,https://collection.aiatsis.gov.au/austlang/language/y104
Y144,Ug Windjila,Ugwindjila,,,,https://collection.aiatsis.gov.au/austlang/language/y144
Y106,Djabugay / Tjapukai^,"Dyaabugay, Dja:bugay, Djabuganjdji, Buluwai, Irukandjai, Dyabugay, Tjapukandji, Tjapukanja, Tjabogaitjandji, Tjabogaijanji, Kokonjunkulu, Kokonyungalo, Koko Tjumbundji, Hileman, Njakali, Nyakali, Tja:pukanja, Tjabogai tjandji, Tjabogai tjanji, Tcabogai t",QLD,-16.73716849,145.5084543,https://collection.aiatsis.gov.au/austlang/language/y106
Y107,Areba,"Rip, Ngarap, Kurtjar, Araba/Areba/Rib, Araba, Kunggara, Rib, A:rap, Ariba, Aripa, Goodarra, Goongarra, Ngariba, Ngarab",QLD,-17.00962719,142.2228132,https://collection.aiatsis.gov.au/austlang/language/y107
Y108,Wagaman,"Agwamin, Wakamon, Ewamin, Wakara, Okenyika, Tjapatja, Wakaman, Wakkamon, Warkaman, Warkamin, Warkeeman, Warkeemon, Wataman, Warkeemin, Warkemon, Wata man",QLD,,,https://collection.aiatsis.gov.au/austlang/language/y108
Y109,Kuku Djangun / Djungan,"Kuku, Djangun, Kuku yalanji, Djankun, Jungkurara, Kokojelandji, Kokokulunggur, Kokowalandja, Muluridji, Wakara, Wulpura, Kuku Jangkun, Djunggun, Djagun, Ngaikungu, Dyangun, Chungki, Dyangunbari, Djandnandi, Chunkunburra, Chunkunberry, Changunberries, Sha",QLD,-17.10588502,144.9687918,https://collection.aiatsis.gov.au/austlang/language/y109
Y11,Ngur'and,"Nggurand, Tjongkandji, Tjungundji, Tyongandyi, Chongandji, Tjongangi, Joonkoonjee, Joongoonjie, Chunkunji, Chin ganji, Ngur'and, Ngu'rand",,,,https://collection.aiatsis.gov.au/austlang/language/y11
Y110,Bulway,"Djabuganjdji, Buluwai, Irukandjai, Tjapukai, Buluwandji, Buluwandyi, Bulwandji, Bulwandyi, Buluwan dyi",QLD,-17.00446183,145.5623524,https://collection.aiatsis.gov.au/austlang/language/y110
Y111,Yirrgay,"Djabuganjdji, Irukandjai, Buluwai, Tjapukai, Chumchum, Dingal, Dungara, Dungarah, Illagona, Irakanji, Irukandji, Tingaree, Tingeree, Umbay, Walpoll, Wongulli, Yerkanji, Yettkie, Yirgay, Yirkandji, Yirkanji, Yirgandji",QLD,-16.94123227,145.7334269,https://collection.aiatsis.gov.au/austlang/language/y111
Y112,Binggu,"Tjapukai, Tjapukandji, Tja:pukanja, Tjabogai tjandji, Tjabogai tjanji, Tcabogai tjanji, Toabogai tjani, Tjabogaijanji, Dyabugandyi, Dyabugay, Tapelcay, Tuffelcey, Koko njunkulu, Koko nyungalo, Koko Tjumbundji, Hileman, Njakali, Nyakali, Barron River dial",,,,https://collection.aiatsis.gov.au/austlang/language/y112
Y113,Narkali,"Narkalinji, Nakalinji",,,,https://collection.aiatsis.gov.au/austlang/language/y113
Y114,Gunggay,"Yidiny, Yidinjdji, Gungganyji, Idindji, Kongkandji, Madjandji, Wanjuru, Garlngandji, Goonganjee, Goonganji, Gun Gaja, Jinggu, Koo gun ji, Kooganji, Koongangie, Kungandji, Kunggandji, Kunggandyi, Kungganji, Melroyji, Mook, Yellungie, Yettkie",QLD,-16.96176375,145.9148146,https://collection.aiatsis.gov.au/austlang/language/y114
Y115,Mbabaram,"Barbaram, Balbarum, Bar Barrum, Barbarem, Barbarum, Booburam, Gugu Mbabaram, Illagona, Kwearriburra, Mogmbabarum, Morruburra, Oombarbarum, Queeariburra, Umbarbaram, Warrialgona, Woombarbarram, Woombarrmbarra, Wumbabaram, Wumbarbaram, Koko Beberam  this i",QLD,-17.26495596,145.0777395,https://collection.aiatsis.gov.au/austlang/language/y115
Y116,Djandjandji,,,,,https://collection.aiatsis.gov.au/austlang/language/y116
Y117,Yidinj^,"Yidiny, Yidinjdji, Gungganyji, Idindji, Kongkandji, Madjandji, Wanjuru, Bolambi, Boolboora, Charroogin, Deba, Djumbandji, Eneby, Gerrah, Gijow, Gillah, Guwama:l, Ituntji, Idi, Idin, Idin wudjar, Iding, Idinji, Indindji, Itti, Jidindji, Jumbandjie, Kitba,",QLD,-17.08708535,145.7656033,https://collection.aiatsis.gov.au/austlang/language/y117
Y118,Waribarra Mamu,"Dyirbal, Mamu, Wardibara, Dulgabara, Morruburra",QLD,-17.50478111,145.7717764,https://collection.aiatsis.gov.au/austlang/language/y118
Y119,Madjay,"Yidiny, Madjandji, Madyay, Matjai, Matjandji, Mooka, Wanjuru, Wanyur, Wudjur, Wundjur, Mutyanthi",QLD,-17.26297599,145.8569904,https://collection.aiatsis.gov.au/austlang/language/y119
Y12,Luthigh,"Uradhi, Luthig, Okara, Oharra, Tepithiki, Teyepathiggi, Teppathiggi, Teepani",QLD,-11.92849576,142.1165035,https://collection.aiatsis.gov.au/austlang/language/y12
Y120,Njirma,"Ngirma, Djirubal, Tjirbal, Chirpalji, Dyirbaldyi, Djirbal, Dyirbalngan, Dyirbal, Chirpa, Choolngai",,,,https://collection.aiatsis.gov.au/austlang/language/y120
Y121,Ngadjon,"Cape York Peninsula Languages, Ngadyan etc, Dyirbal, Djirbalngan, Ngatjan, Djiru, Giramay, Gulngai, Jirrbalngan, Keramai, Malanbara, Mamu, Eacham, Eashim, Eaton, Hucheon, Jitjam, Madandji, Majanji, Narcha, Natchin, Nga:tja, Ngachan ji, Ngachanji, Ngadjan",QLD,-17.36377694,145.7047546,https://collection.aiatsis.gov.au/austlang/language/y121
Y122,Mamu,"Dulgubarra Mamu, Dyirbal, Djirbalngan, Djiru, Giramay, Gulngai, Jirrbalngan, Keramai, Malanbara, Ngatjan, Dulgabara, Ma:mu, Ngirma, Njirma, Morruburra",QLD,-17.63998402,145.7485185,https://collection.aiatsis.gov.au/austlang/language/y122
Y123,DYIRBAL / JIRRBAL,"Dyirbal, Djirbalngan, Djiru, Giramay, Gulngai, Jirrbalngan, Keramai, Malanbara, Ngatjan, Mamu, Djirubal, Djirbal, Tjirbal, Chirpalji, Dyirbaldyi, Dyirbalngan, Chirpa, Choolngai, Njirma",QLD,-17.74022656,145.661334,https://collection.aiatsis.gov.au/austlang/language/y123
Y124,Djiru,"Djirru, Djirbalngan, Giramay, Gulngai, Jirrbalngan, Keramai, Malanbara, Ngatjan, Mamu, Dyiru, Iimba, Djiru:, Djirubagala, Dyirubagala, Gerrah, Gillah",QLD,-17.90722366,146.0521375,https://collection.aiatsis.gov.au/austlang/language/y124
Y125,Tagalaka,"Takalak, Thaypan, Tagalag, Dagalang, Da:galag, Targa lag, Tarkalag",QLD,-18.19732763,142.9612272,https://collection.aiatsis.gov.au/austlang/language/y125
Y126,Gulngay,"Dyirbal, Djirbalngan, Gulngai/Malanbara, Djiru, Giramay, Gulngai, Jirrbalngan, Keramai, Malanbara, Ngatjan, Mamu, Djulngai, Gulnggai, Gulngui, Gulnguy, Kulngai, Kurlngay, Kurungai, Mallanpara, Tjulngai, Tully blacks",QLD,-17.96177304,145.8525333,https://collection.aiatsis.gov.au/austlang/language/y126
Y127,Girramay,"Dyirbal, man",QLD,-18.11003035,145.7326329,https://collection.aiatsis.gov.au/austlang/language/y127
Y128,Gugu Badhun,"Gudjal, Guridjal, Kokopatun, Kutjala, Warungu, Badun, Breaba, Breeaba, Jullanku, Koko Padun, KokoPatun, Koko Badun, Patun, Koko Patun",QLD,-18.69034079,145.2329872,https://collection.aiatsis.gov.au/austlang/language/y128
Y129,Nywaigi,"Nyawaygi, Manbara, Nawagi, Warakamai, Wulgurukaba, Geugagi, Negewi, Newigi, Nyawigi, Njawigi",QLD,-19.14735632,146.3919534,https://collection.aiatsis.gov.au/austlang/language/y129
Y13,Unjadi,"Ojnandi, Onyengadi, Unyadi, Oyungo, Oyonggo, Empikeno, Umtadee, Wundjur",,,,https://collection.aiatsis.gov.au/austlang/language/y13
Y130,Biyay,"Wargamaygan, Bandjin, Warakamai, Bandji, Bandyin, Banjin, Biaigiri, Bijai, Bundjin, Kunyin, Uradig, Bandyi",QLD,-18.34798195,146.1694168,https://collection.aiatsis.gov.au/austlang/language/y130
Y131,Yanga,"Jangaa, Janggal, Janga:, Yangaa, Purkaburra",QLD,-19.08582079,143.4654884,https://collection.aiatsis.gov.au/austlang/language/y131
Y132,Agwamin,"Wamin, Ewamin, Wakamon, Wakara, Ak Waumin, Wommin, Waumin, Wawmin, Walamin, Wimanja, Egwamin, Gwamin, Walming, Wailoolo",QLD,-17.67566995,144.1668057,https://collection.aiatsis.gov.au/austlang/language/y132
Y132.1,Wamin,,QLD,-18.78142258,144.1411973,https://collection.aiatsis.gov.au/austlang/language/y132.1
Y133,Warrungu,"Warungu, Gugu Badhun, Gudjal, Guridjal, Kokopatun, Kutjala, Bara Warrialgona, Kuritjal, Warrialgona",QLD,-18.03403673,145.2397321,https://collection.aiatsis.gov.au/austlang/language/y133
Y134,Warrgamay^,"Wargamay, Wargamaygan, Bandjin, Warakamai, Bungabara, Herbert River tribe, Ieklbara, Waragamai, Waragumaigan, Waregamai, Warekumay, Warkama, Warkamai, Wargumay, Ikelbara",QLD,-18.43750867,145.7979359,https://collection.aiatsis.gov.au/austlang/language/y134
Y135,WULGURUKABA,"Manbara, Nyawaygi, Korambelbara, Mun ba rah",QLD,-18.86501399,146.6433943,https://collection.aiatsis.gov.au/austlang/language/y135
Y136,Mbarrumbathama,"Lamalama, Lama Lama, Lamalamic, Mba Rumbathama, Bakanambia, Wanbara, Lamu Lamu, Jeteneru, Badjam, Baganambia, Been gee warra, Funggufan, Koko Lama Lama, Kookoymma, Kulamak, Rimanggudinhma, Rumbatama, Rumbathama, Mba Rrumbathama",QLD,-14.88162386,143.8342833,https://collection.aiatsis.gov.au/austlang/language/y136
Y137,Bindaga,,QLD,,,https://collection.aiatsis.gov.au/austlang/language/y137
Y138,Ganganda,"Baka, Banjigam, Baranguan, Barungguan, Barunguan, Entiga, Entjinga, Gan ganda, Jindgingga, Jindingga, Jintjingga, Njindingga, Umbindhamu, Umbuigamu, Yintjingga",,,,https://collection.aiatsis.gov.au/austlang/language/y138
Y139,Gunggarbara,,,,,https://collection.aiatsis.gov.au/austlang/language/y139
Y14,Yangathimri,"Tjungundji, Tjongkandji, Chinganji, Chongandji, Chunkunji, Djonggandji, Joongoonjie, Joonkoonjee, Ngucrand, Tjongangi, Tyongandyi, Tjunguntji, Chin ganji",QLD,-12.01992611,141.871148,https://collection.aiatsis.gov.au/austlang/language/y14
Y141,Madhirdirl,,,,,https://collection.aiatsis.gov.au/austlang/language/y141
Y142,Mbo'aru,,,,,https://collection.aiatsis.gov.au/austlang/language/y142
Y147,Walmbarddha,"Bakanambia, Banambia, Banambila, Buruman, Kokaoalamalma, Kokolamalama, Lamalama, Lamul lamul, Mug Ngambaram, Mukinna, Walmbar, Walmbardha, Walmbaria, Wambara, Wanbara, Yalnga bar",,,,https://collection.aiatsis.gov.au/austlang/language/y147
Y148,Wulbudjibur,,,,,https://collection.aiatsis.gov.au/austlang/language/y148
Y149,Jabunbarra Jirrbal,"Jirrbal, Dyabunbarra Dyirrbal",QLD,-17.80428699,145.8399655,https://collection.aiatsis.gov.au/austlang/language/y149
Y15,Teppathiggi,"Taepadhighi, Tepiti, Debidi, Debidigh, Tepithiki, Teyepathiggi, Teepani",QLD,-12.07668662,142.0727087,https://collection.aiatsis.gov.au/austlang/language/y15
Y150,Walmalbarra,,QLD,-18.05899607,145.9955792,https://collection.aiatsis.gov.au/austlang/language/y150
Y151,Jirribarra Mamu,"Dyirbal, Mamu, Dyiribara, Djirribarra, Djiribara",QLD,-17.61227117,146.0514407,https://collection.aiatsis.gov.au/austlang/language/y151
Y152,Gambilbarra Jirrbal,"Gambilbarra Dyirrbal , Tablelands Jirrbal",QLD,-17.6805349,145.3898073,https://collection.aiatsis.gov.au/austlang/language/y152
Y153,Buluguyban,Bulugujban,QLD,-18.70838064,146.5624231,https://collection.aiatsis.gov.au/austlang/language/y153
Y154,Mulgu,,QLD,-18.73410217,146.6225013,https://collection.aiatsis.gov.au/austlang/language/y154
Y155,Coonambella,,QLD,-19.26511928,146.8178661,https://collection.aiatsis.gov.au/austlang/language/y155
Y156,Marrett River language,,QLD,-14.39361979,144.1741964,https://collection.aiatsis.gov.au/austlang/language/y156
Y157,Mbarmburmu,,,,,https://collection.aiatsis.gov.au/austlang/language/y157
Y158,China Camp,,QLD,-16.0474928,145.2994583,https://collection.aiatsis.gov.au/austlang/language/y158
Y159,Gugu Dyilin,"Gugu Djilin, Gugu-Buyun, Gugu Dyilin",,,,https://collection.aiatsis.gov.au/austlang/language/y159
Y16,Ngadhugudi,"Athokurra, Nathokudi, uthukuti, Ngathokadi, Ngathokudi, Uthukuti, Unthkuti",QLD,-12.07837678,142.348612,https://collection.aiatsis.gov.au/austlang/language/y16
Y160,Guluy,Dyaabugay,QLD,-16.9352372,145.4465643,https://collection.aiatsis.gov.au/austlang/language/y160
Y161,Kuku Jakandji,,QLD,-16.64967605,145.2106641,https://collection.aiatsis.gov.au/austlang/language/y161
Y162,Nyagali,"Njagali, Dyaabugay, Tjapukai, Tjapukandji, Tja:pukanja, Tjabogai tjandji, Tjabogai tjanji, Tcabogai tjanji, Toabogai tjani, Tjabogaijanji, Dyabugandyi, Dyabugay, Tapelcay, Tuffelcey, Koko njunkulu, Koko nyungalo, Koko Tjumbundji, Hileman, Njakali, Nyakal",QLD,-16.54825168,145.4523234,https://collection.aiatsis.gov.au/austlang/language/y162
Y163,Kuku Yalaja,Kuku Yelandji,QLD,-16.12092947,144.543199,https://collection.aiatsis.gov.au/austlang/language/y163
Y164,Wulbura,,,,,https://collection.aiatsis.gov.au/austlang/language/y164
Y165,Wanyurr,,QLD,-17.3832302,145.9433328,https://collection.aiatsis.gov.au/austlang/language/y165
Y167,Dhalundhirr,dhalun dhirr with the sea,QLD,-15.25382758,145.2801035,https://collection.aiatsis.gov.au/austlang/language/y167
Y168,Waguurrga,Waguurr ga of the outside,QLD,-15.11327397,144.9245631,https://collection.aiatsis.gov.au/austlang/language/y168
Y169,Kuuku I'yu,"Guugu Iyu, Kuuku Iiyu, Kuuku Iyu",QLD,-12.18816081,142.8796712,https://collection.aiatsis.gov.au/austlang/language/y169
Y17,Itinadyana,"Mpalitjanh, Atjinuri, Adjinadi, Adjinuri, Etanyanu, Imatjana, Indjinadjana, Itinadjana, Itinadyana, Itinadyand, Nedgulada, Ulwadjana, Ulwawadjana, Inadjana, Adyinuri, Idj-Inadjana",QLD,-12.12634002,142.6539036,https://collection.aiatsis.gov.au/austlang/language/y17
Y170,Kuuku Yani,"Kuuku yani, Barunguan, Yindyingga, Guugu Yani, Kuuku Yini, Kuuku Yin, Kuuku Yin(i)",QLD,-13.92162847,143.4314962,https://collection.aiatsis.gov.au/austlang/language/y170
Y171,Ogh Igadj,,QLD,-16.4025509,142.1574209,https://collection.aiatsis.gov.au/austlang/language/y171
Y172,Wik Iyanh,"Kugu/Wik Iyanh, Wik Iiyanh, Wik Iyanja, Wikianji, Wik Iiyanyi, Wik Iiyeny, Wikianyi, Wik Iyena, Wik Iiyenj , Wik Iiyanji , Mungkanhu",QLD,-14.42989537,141.9374704,https://collection.aiatsis.gov.au/austlang/language/y172
Y173,Wik-Keyangan,"Wik Keyenganh, Wik Kayngan",QLD,-14.18951373,141.9054416,https://collection.aiatsis.gov.au/austlang/language/y173
Y174,Kugu Mangk,"Kugu/Wik Mangk, Kuku Mangk, Kugu Yianh, Yian, Kuuk Mangka, Yirr Maqa",QLD,,,https://collection.aiatsis.gov.au/austlang/language/y174
Y175,Kugu Ugbanh,"Kugu/Wik Ugbanh, Kuku Ugbanh",QLD,-14.50799035,141.6346644,https://collection.aiatsis.gov.au/austlang/language/y175
Y176,Kugu Uwanh,"Kugu/Wik Uwanh, Kuku Uwanh, Gugu Uwanh",QLD,-14.55886718,141.6512973,https://collection.aiatsis.gov.au/austlang/language/y176
Y178,Kugu Yi'anh,"Kugu Yianh, Kugu/Wik Yianh",QLD,-14.4866989,141.6549121,https://collection.aiatsis.gov.au/austlang/language/y178
Y179,Wantjika,,QLD,,,https://collection.aiatsis.gov.au/austlang/language/y179
Y18,Ulwawadjana,"Ebawudjena, Atjinuri, Adjinadi, Itinadjana, Itinadyana, Itinadyand, Nedgulada, Imatjana, Ulwadjana",,,,https://collection.aiatsis.gov.au/austlang/language/y18
Y180,Nhawalgaba,Gabilgara,QLD,-19.23526771,146.7890513,https://collection.aiatsis.gov.au/austlang/language/y180
Y181,Western Ayapathu,,QLD,,,https://collection.aiatsis.gov.au/austlang/language/y181
Y183,Atampaya,"Anggamudi, Ankamuti, Bawtjathi, Lotiga, Nggamadi, Uradhi, Utangikwathiya, Utudhanamu, Atambaya, Atambayag",QLD,-11.58484929,142.32873,https://collection.aiatsis.gov.au/austlang/language/y183
Y184,Uradhi^,"Anggamudi, Ankamuti, Atampaya, Bawtjathi, Lotiga, Nggamadi, Utangikwathiya, Utudhanamu",QLD,-11.89059638,142.1590698,https://collection.aiatsis.gov.au/austlang/language/y184
Y185,Awngthim,"Mamngayt, Mamngayth, Winduwinda, Mamangathi, Mamangiti, Mamngaid",QLD,-12.71153742,141.8212879,https://collection.aiatsis.gov.au/austlang/language/y185
Y186,Mpakwithi,,QLD,-12.28402216,141.9331705,https://collection.aiatsis.gov.au/austlang/language/y186
Y187,Mutyanthi,"Mutjati, Mutyati",QLD,-11.91654153,142.7867337,https://collection.aiatsis.gov.au/austlang/language/y187
Y188,Kokiny,Kokinj,QLD,-16.47566056,141.5859365,https://collection.aiatsis.gov.au/austlang/language/y188
Y19,Yuputhimri,"Yupangathi, Nggerikudi, Yupungati, Jupangati, Angadimi, Angutimi, Ba:tyana, Batjana, Gametty, Gamite, Jopngadi, Jupngit, Mbatyana, Ngerikudi, Nggirikudi, Niggerikudi, Ra:kudi, Wimaranga, Wimarangga, Wimarango, Wimmarango, Yopngadi, Yupangati, Yupnget, Yu",QLD,-12.15351046,141.7946221,https://collection.aiatsis.gov.au/austlang/language/y19
Y190,Yumukuntyi,,QLD,-10.91494119,142.4647584,https://collection.aiatsis.gov.au/austlang/language/y190
Y191,Gudang,Uradhi,QLD,-10.8672763,142.5878907,https://collection.aiatsis.gov.au/austlang/language/y191
Y192,Andooyomo,,QLD,-10.93801398,142.6072785,https://collection.aiatsis.gov.au/austlang/language/y192
Y193,Uyungkuthi,,QLD,-12.08356412,142.6556984,https://collection.aiatsis.gov.au/austlang/language/y193
Y194,Utyangikwathiya,,QLD,-11.89222579,142.4721105,https://collection.aiatsis.gov.au/austlang/language/y194
Y195,Rimanggudinhma,"Rimang Gudinhma, Rima nggudininhma, Mbariman Gudhinma, Barimangudinma, Port Stewart Lamalama, Lamalamic, Parimankutinma",QLD,-14.48683794,143.7825099,https://collection.aiatsis.gov.au/austlang/language/y195
Y197,Ogh Angkula,,QLD,,,https://collection.aiatsis.gov.au/austlang/language/y197
Y198,Ogh Ikarranggal,"Ikarranggal, Aghu Tharnggalu, Ikarranggali",QLD,-14.63339861,143.9418823,https://collection.aiatsis.gov.au/austlang/language/y198
Y199,Ogh Alungul,Koko Possum/Alngula,QLD,-14.68081463,144.0763313,https://collection.aiatsis.gov.au/austlang/language/y199
Y2,Kalaw Kawaw Ya,"Kalaw Kawaw Ya/Kalaw Lagaw Ya, Kala Lagaw Ya, Gudang, Kaurareg, Moait, Moalaig, Bo:gu, Buglial, Bulgai, Dauan Saibai, Kowrarega, Karualaig, Dauan, Boigu, Saibai, Torres Strait Islander language, Torres Strait Islander people","QLD,TSI",-9.35202643,142.4788069,https://collection.aiatsis.gov.au/austlang/language/y2
Y20,Anguthimri,"Adumakwithi, Baatjana, Bakwithi, Bwinitanikwithi, Jupangati, Lwipanadjini, Wimaranga, Anggadimi, Angudimi, Angutimi, Gautundi, Mbadjana, Mbahjana, Mbakudi, Mbugudi, Mpakwithi, Rakudi, Yupngayth, Awngthim, Yuupngati, Yupangati, Yupungati, Yupnget, Yupun g",QLD,-12.37773248,141.8360942,https://collection.aiatsis.gov.au/austlang/language/y20
Y200,Kuuk Yak,"Yak, Kuuku Yak, Koko Yak",QLD,-14.87718352,141.7315653,https://collection.aiatsis.gov.au/austlang/language/y200
Y201,Ogh Awarrangg,"Kawarrang, Okawarrangg, Kawarrang;, Kawarangg",QLD,-16.07308251,143.0043795,https://collection.aiatsis.gov.au/austlang/language/y201
Y202,Ndrangith,Ndrrangith,QLD,,,https://collection.aiatsis.gov.au/austlang/language/y202
Y203,Koko Babangk,Kok Peponk,QLD,-15.81580944,141.4834198,https://collection.aiatsis.gov.au/austlang/language/y203
Y204,Koko Beberam,,QLD,,,https://collection.aiatsis.gov.au/austlang/language/y204
Y205,Ndwa'ngith,Ndwangith,QLD,,,https://collection.aiatsis.gov.au/austlang/language/y205
Y206,Ogh Undjan,"Kunjen, Okunjan, Ogunyjan",QLD,-16.26565872,142.3917565,https://collection.aiatsis.gov.au/austlang/language/y206
Y207,Uw El,,QLD,-15.1455139,141.8282078,https://collection.aiatsis.gov.au/austlang/language/y207
Y208,Uw Olem,Agu Adhal; Tommyhawk Language,QLD,,,https://collection.aiatsis.gov.au/austlang/language/y208
Y209,Kok Wap,,QLD,-15.39514198,141.7235417,https://collection.aiatsis.gov.au/austlang/language/y209
Y21,Nyuwathayi,"Njuwadhai, Luthigh, Njuwathai, Totj, Nyowathayi",QLD,-12.40891,142.3131682,https://collection.aiatsis.gov.au/austlang/language/y21
Y210,Kirka,,QLD,-14.93100124,141.6657473,https://collection.aiatsis.gov.au/austlang/language/y210
Y91,Gonaniin,"Koko Bera, Konanin, Bera, Peryn, Wab, Gonani:n, Kokopera, Koko bera, Kukaberra, Kungkara, Goona nin, Gunani, Gunanni, Goonamin, Goonamon, Koko papung, Kokopapun, Ba:bung",,,,https://collection.aiatsis.gov.au/austlang/language/y91
Y211,Uutaalnganu,"Kawadji, Pontunj, Yankonyu, Uwtalngan, Night Island language",QLD,-13.09902781,143.3406053,https://collection.aiatsis.gov.au/austlang/language/y211
Y212,Kuuk Thayem,"Thaayem, Tayem",QLD,,,https://collection.aiatsis.gov.au/austlang/language/y212
Y213,Ungan,,QLD,,,https://collection.aiatsis.gov.au/austlang/language/y213
Y214,Yirrk-Thangalkl,"Yirr, k, Mel, Dangedl, Yir Yoront Yirr Thangell, Yir Yoront name for Yiirk Thangalkl, Kok Wap, Yirr Mel, Yirrk Mel, Kok Cel",QLD,-15.30127415,141.6169403,https://collection.aiatsis.gov.au/austlang/language/y214
Y215,Kuuk Thaayunth,"Thayunth, Thaayunth, Tayunt",QLD,-14.95261902,141.6461667,https://collection.aiatsis.gov.au/austlang/language/y215
Y216,Ngaygungu,Warungu,QLD,-17.38531233,145.3758549,https://collection.aiatsis.gov.au/austlang/language/y216
Y217,Koko-koko,Koko Koko,,,,https://collection.aiatsis.gov.au/austlang/language/y217
Y218,Cleveland Bay,"Wulgurukaba, Manbara, Nawagi, Warakamai",QLD,-19.29346841,146.8647646,https://collection.aiatsis.gov.au/austlang/language/y218
Y219,Alodja,Aghu Alowrdja,QLD,-15.67874206,144.8255754,https://collection.aiatsis.gov.au/austlang/language/y219
Y22,Kuuku Ya'u,"Kuuku Yau, Kuuku yau, Pakadji, Gugu Yau, Guugu YauBagadji, Jao, Kao Kokoyao, Koka yao, Koko Ya:o, KokoYao, Koko yao, Kuku Yau, Kuku Yao, Kuuk Yak, Makadama, Yao, Koko Yao",QLD,-12.5417412,143.033874,https://collection.aiatsis.gov.au/austlang/language/y22
Y220,Biyay,"giri, Warrgamay",QLD,-18.57749809,146.2353049,https://collection.aiatsis.gov.au/austlang/language/y220
Y221,Di:ru,,,,,https://collection.aiatsis.gov.au/austlang/language/y221
Y224,Kugu Mu'inh,"Kugu Muinh, Kugu/Wik Muinh, Kuku Muinh, Wik Muin",QLD,-14.64749954,141.6397829,https://collection.aiatsis.gov.au/austlang/language/y224
Y225,Wik Totjan,,,,,https://collection.aiatsis.gov.au/austlang/language/y225
Y226,Wudjar,,,,,https://collection.aiatsis.gov.au/austlang/language/y226
Y227,Daru,,,,,https://collection.aiatsis.gov.au/austlang/language/y227
Y228,Ithu,Wurkuldi,,,,https://collection.aiatsis.gov.au/austlang/language/y228
Y229,Adithinngithigh,Adetingiti,QLD,-12.92422851,141.7113879,https://collection.aiatsis.gov.au/austlang/language/y229
Y23,Wimaranga,"Wimarangga, Jupangati, Yuupngati, Yupangati, Yupungati, Yupnget, Yupun gatti, Yopngadi, Nggerikudi, Nggirikudi, Ngerikudi, Nigger ikudi, Ra:kudi, Angadimi, Angutimi, Batjana, Mbatyana, Ba:tyana, Wimarango, Wimmarango",QLD,-12.37987715,141.6867406,https://collection.aiatsis.gov.au/austlang/language/y23
Y230,Muragan,"Kunjen, Gugu Nyungkul, Kawarrangg, Laia, Ngundjan, Okunjan, Olkolo, Oykangand",,,,https://collection.aiatsis.gov.au/austlang/language/y230
Y231,Yaraytyana,Yaraydjana,QLD,-11.0918207,142.7056851,https://collection.aiatsis.gov.au/austlang/language/y231
Y232,Yatay,,QLD,-10.68308939,142.6240919,https://collection.aiatsis.gov.au/austlang/language/y232
Y233,Wakaman,Kuku,QLD,-17.21045196,144.5984228,https://collection.aiatsis.gov.au/austlang/language/y233
Y235,Dulgubarra Mamu,,,,,https://collection.aiatsis.gov.au/austlang/language/y235
Y236,Yintyingka,Lamalama,QLD,,,https://collection.aiatsis.gov.au/austlang/language/y236
Y237,Athina,,QLD,,,https://collection.aiatsis.gov.au/austlang/language/y237
Y238,Injinoo Ikya,,,,,https://collection.aiatsis.gov.au/austlang/language/y238
Y239,Mabuyag,"Torres Strait Islander language, Torres Strait Islander people",,,,https://collection.aiatsis.gov.au/austlang/language/y239
Y24,Thaynakwith,"Thyanngayth, Tainiguit, Tanikuiti, Taynakwit, Thanaquith, Tjanngayth, Dainguid, Winduwinda, Tyanngayt, Tjanggayth, Tainikudi, Tani kutti, Dainiguid, Tanna gootee",QLD,-12.55815284,141.9324279,https://collection.aiatsis.gov.au/austlang/language/y24
Y25,Mpalitjanh,"Uradhi, Atjinuri, Mbalidjan, Mpalitjan, Mpalityan, Mpalityanh, Winduwinda, Windawinda, Ngwatainggeti, Wikwija, Ndomdorin",QLD,-12.10232991,142.2781567,https://collection.aiatsis.gov.au/austlang/language/y25
Y26,Linngithigh,"Leningitij, Winda Winda, Linginiti, Adetingiti, Andyinit, Ndraangit, Cabati, Ladamngid, Latangeti, Latarngit, Leiningidi, Leningiti, Lenngeti, Lenngidgh, Lingitir, Linngithig, Linngiti, Onnatangnit, Umngnity, Winduwinda, Laini ngitti, not the same as Len",QLD,-13.17296567,141.8218545,https://collection.aiatsis.gov.au/austlang/language/y26
Y27,Ntrwa'ngayth,"Ntraangith, Winda Winda, Ndraangit, Adetingiti, Andyinit, Linginiti, Ndrangith, Nrwaa, Tjanngayth, Mamngayt, Nraangith, Winduwinda, Ntrangith, Ndrwa'ngayth",QLD,-13.10072683,141.6381249,https://collection.aiatsis.gov.au/austlang/language/y27
Y28,Ungawangadi,"Ngaawangati, Ungauwangati, Nguatangeti, Oamrokoro, Winduwinda, Ngwatangeti, Ngawataingeti",QLD,-12.64910858,142.0623192,https://collection.aiatsis.gov.au/austlang/language/y28
Y29,Yinwum,"Uradhi, Ginwum, Jinwum, Tinwum, Yeemwoon, Jinwun, Yeemwoom",QLD,-12.70040974,142.7245727,https://collection.aiatsis.gov.au/austlang/language/y29
Y3,Meriam Mir,"East Torres, Miriam, Meryam Mir, Meriam, Boigu, Buibatyalli, Errob, Erub, Garamir, Gaurareg, Maer, Maralaig, Mer, Meryam, Morolag, Sabai, Saibai, Tagota, Ugar, Torres Strait Islander language, Torres Strait Islander people","QLD,TSI",-9.6830898,143.7754251,https://collection.aiatsis.gov.au/austlang/language/y3
Y30,Ladamngid,"Latamngit, Winduwinda, Latumngith",QLD,-12.88308807,141.8329821,https://collection.aiatsis.gov.au/austlang/language/y30
Y31,MAMANGATHI,"Awngthim, Mamngaid, Mamangidigh, Mbalidjan, Ndorndorin, Ngwatainggeti, Wikwija, Winduwinda, Angutimi",QLD,-12.55515981,141.9866216,https://collection.aiatsis.gov.au/austlang/language/y31
Y32,Alngith,"Alingid, Alngid, Alingit, Laynngith, Winduwinda, Lengiti, Lenngiti, Limrett",QLD,-12.64363253,141.926719,https://collection.aiatsis.gov.au/austlang/language/y32
Y33,Gudjandju,"Bondynj, Dhambanju, Jalndhalm, Koko Maln gan, Maln gan",,,,https://collection.aiatsis.gov.au/austlang/language/y33
Y34,Arraythinngith,"Aritinngayth, Uradhi, Aritinngithig, Aretingit, Aritingiti, Adetingiti",QLD,-12.95184098,141.9332017,https://collection.aiatsis.gov.au/austlang/language/y34
Y36,Ngkoth,"Ngkoth dialects, Uradhi, Nggod, Nggoth, Ngkot, Ngor, Ngot, Nkot, Winduwinda, Gott",QLD,-12.82760222,142.0521322,https://collection.aiatsis.gov.au/austlang/language/y36
Y37,Trotj,"Tootj, Kauwala, Luthigh, Totj, Njuwathai, Do:dj, T?, tj",QLD,-12.75093777,142.4058507,https://collection.aiatsis.gov.au/austlang/language/y37
Y38,Yanganyu,"Gawadji, Jangkonju, Kawadji, Mälnkänidji, Night Island people, Pontunj, Pontyni, Yankanju, Yankonya, Yankonyu, Yanggondju, Yankonyu for Pontunj, Night Island people for Kawadji",,,,https://collection.aiatsis.gov.au/austlang/language/y38
Y39,Ntra'ngith,"Ntrwangayth, Andaangeti, Andrendjandring, Awngthim, Ndraangid, Ndwangid, Nraangayt, Nraangith, Ntrawngayt, Winduwinda, Drwaangathi, Ndwongit, Ndra'ngith",QLD,-12.50209993,142.1093217,https://collection.aiatsis.gov.au/austlang/language/y39
Y4,Kulkalgaw Ya,"Masig, Tutu, Jam, Yam, Torres Strait Islander language, Torres Strait Islander people","QLD,TSI",-9.94177993,143.0394399,https://collection.aiatsis.gov.au/austlang/language/y4
Y40,Ndorndorin,"Winduwinda, Windawinda, Ngwatainggeti, Wikwija, Mbalidjan, Ndomdorin",,,,https://collection.aiatsis.gov.au/austlang/language/y40
Y41,Mbiywom,"Mbiywom, Uradhi, Mbewum, KokMbewam, Kok Mbewam, KokMbewan, Mbe:wum, M Berwum, Bywoom, Kokinno, Kokimoh, Mbeiwum",QLD,-12.96826008,142.1704056,https://collection.aiatsis.gov.au/austlang/language/y41
Y42,Andjingith,"Anjingid, Andjingid, Andjingith , Adyingid",,,,https://collection.aiatsis.gov.au/austlang/language/y42
Y43,Kugu Muminh,"Wik Muminh, Kugu/Wik Nganhcara, Kuku Muminh, Mumin, WikMuminh",QLD,-14.42062789,141.6509863,https://collection.aiatsis.gov.au/austlang/language/y43
Y92,Kuku Yanyu,"Ialiu, Janju, Kokojanju, Kokoyalyu, Yaliu, Yalyu, Yanyu, Gugu Yanju, Kokjanju",,,,https://collection.aiatsis.gov.au/austlang/language/y92
Y44,Kaanju / Kaantju,"Cape York Peninsula Languages, etc, Kanju, Kandju, Andjingid, Andyingid, Anjungitie, Candju, Gaanydyu, Gandanju, GandjuIo, Iju, Jaalo, Jabuda, Ka:antju, Ka:ndyu, Kaantyu, Kamdheu, Kamdhue, Kandyi, Kandyu, Kantanyu, Kantju, Kantyu, Kanyu, Karndheu, Karnju",QLD,-13.39809629,142.9719833,https://collection.aiatsis.gov.au/austlang/language/y44
Y45,Umpila,"Cape York Peninsula Languages, Ompela, Djindjanagu, Djundjanagu, Koko umpilo, Ombila, Ompeila, Oombilla, Umbila, Umpile, Umpilo, umpila, Oom billa",QLD,-13.64420087,143.4314357,https://collection.aiatsis.gov.au/austlang/language/y45
Y46,Wik Adinda,"Wik, Wikatinda, Wik Ompom, Wikampama, Wik Kalkan, Wik Ngathara, Wik Epa, Wikepa, Wik Meanha, Wikmean, Wiknatanja, Mimungkum, Wik Mungkana, Wiknantjara, Adinda, Atinda, Ia:d, Wik Tinda, Wik Atinda",QLD,-13.49280534,141.6108081,https://collection.aiatsis.gov.au/austlang/language/y46
Y47,Wik Paach,"Wikapatja, Abodja, Wik Paacha, Wik-Paach",QLD,-13.34556703,141.6732686,https://collection.aiatsis.gov.au/austlang/language/y47
Y48,Wik Ompom,"Wik, Wik Ompom/Wikampama, Wikatinda, Wikampama, Wik Kalkan, Wik Ngathara, Wik Epa, Wikepa, Wik Meanha, Wikmean, Wiknatanja, Mimungkum, Wik Mungkana, Wiknantjara, Aiakampana, Ambama, Ampana Gambana, Kokala, Kokiala, Kookealla, Omban, Wik ompmam, Wik Ompon",QLD,-13.34418919,142.0863252,https://collection.aiatsis.gov.au/austlang/language/y48
Y49,Wik Elken,"wikalkan, Wik, Wik Kalkan, Wikatinda, Wik Ompom, Wikampama, Wik Ngathara, Wik Epa, Wikepa, Wik Meanha, Wikmean, Wiknatanja, Mimungkum, Wik Mungkana, Wiknantjara, Galban, Algan, Wik kalkan, Wik Alkanha, Wik ngatara, Wik Alkan, Wik kalkin, Wik natara, Ngad",QLD,-13.71738214,141.5995202,https://collection.aiatsis.gov.au/austlang/language/y49
Y5,Kawalgaw Ya,"Muralag, Kaurareg, Kaurarega, Kowrarega, Kauralaig, Kauraleg, Koro rega, Korariga, Kauralaigal, Malulaig, Muralug, Wathai yunu, Kokkaiya, Alkaiyana, Koiyana, Torres Strait Islander language, Torres Strait Islander people","QLD,TSI",-10.64328526,142.2142855,https://collection.aiatsis.gov.au/austlang/language/y5
Y50,Umpithamu,"Umbindhamu, Jeteneru, Ompindamo, Arummarbin, Dyrlwai, Janggulmbal, Janggurunggu, Yintjinggu, Barungguan, Umpinthamu, Barunguan, Baka, Banjigam, Jintjingga, Yintjingga, Njindingga, Umbuigamu, Ganganda, Lamalama",QLD,-14.03556835,143.4488543,https://collection.aiatsis.gov.au/austlang/language/y50
Y51,Wik Ngatharr,"Wik Alken, Wikalkan, Wik Ngatharra, Wik, Wik Ngathara, Wikatinda, Wik Ompom, Wikampama, Wik Kalkan, Wik Epa, Wikepa, Wik Meanha, Wikmean, Wiknatanja, Mimungkum, Wik Mungkana, Wiknantjara, Algan, Alkan, Charra, Galan, Kalkin, Natara, Ngadaara, Ngadara, Wi",QLD,-13.75387196,141.6079342,https://collection.aiatsis.gov.au/austlang/language/y51
Y52,Wik Epa,"Wik Ep, Wik Iit, Wik, Wik Epa/Wikepa, Wikatinda, Wik Ompom, Wikampama, Wik Kalkan, Wik Ngathara, Wikepa, Wik Meanha, Wikmean, Wiknatanja, Mimungkum, Wik Mungkana, Wiknantjara, Eba, Epa, Eppe, Wikep, Wik Ep Wik Eppa, Wikeppe, WikMeAnh, Wik Iita, Wik Eppa",QLD,-13.8954436,141.7887661,https://collection.aiatsis.gov.au/austlang/language/y52
Y53,Wik Me'anh,"Wik Menh, Wik Meanha, Wik, Wik Meanha/Wikmean, Wikatinda, Wik Ompom, Wikampama, Wik Kalkan, Wik Ngathara, Wik Epa, Wikepa, Wikmean, Wiknatanja, Mimungkum, Wik Mungkana, Wiknantjara, Meian, Mejan, WikMeana, Wik Muinh, Wik Me enh, WikMeAnh, Wik Mean, Wik M",QLD,-14.0117755,141.9278174,https://collection.aiatsis.gov.au/austlang/language/y53
Y54,Wik Ngathan,"Wik linjtjenj, Ngaduna, Wik ngatona, Wik Iinychanya",QLD,-14.06433131,141.6478689,https://collection.aiatsis.gov.au/austlang/language/y54
Y55,Morrobolam,"Morroba Lama, Umbuygamu, Kuuku yani, Barunguan, Yindyingga, Ajarumbal, Aradal, Bungkol, Burlngulu, Juwinbadha, Barungguan, Umpuykumu, Umbuykamu, Baka, Banjigam, Jintjingga, Yintjingga, Njindingga, Umbuigamu, Umbindhamu, Ganganda, Lamalamic, Lamalama",QLD,-14.25190712,143.5349596,https://collection.aiatsis.gov.au/austlang/language/y55
Y56,Wik Ngathanya,"Wik Ngathana, Wik, Wiknatanja, Wikatinda, Wik Ompom, Wikampama, Wik Kalkan, Wik Ngathara, Wik Epa, Wikepa, Wik Meanha, Wikmean, Mimungkum, Wik Mungkana, Wiknantjara, Natanya, Ngadanja, Wig Ngadhan, Wikngatan, Wik Natan, Wik Ngartona, Wik ngatona",,,,https://collection.aiatsis.gov.au/austlang/language/y56
Y57,Wik Mungkan,"Wik Mungknh, Wik Munkan, Wik, Mimungkum/Wik Mungkana, Wikatinda, Wik Ompom, Wikampama, Wik Kalkan, Wik Ngathara, Wik Epa, Wikepa, Wik Meanha, Wikmean, Wiknatanja, Mimungkum, Wik Mungkana, Wiknantjara, Anja, Ayan, Badjimu, Monkanu, Mugola, Munggan, Mungga",QLD,-13.72268182,142.326255,https://collection.aiatsis.gov.au/austlang/language/y57
Y59,KUGU NGANHCARA,"Kugu/Wik Nganhcara, Wikngenchera, Wik Ngandjara, Ngandjara, Wik, Wiknantjara, Wikatinda, Wik Ompom, Wikampama, Wik Kalkan, Wik Ngathara, Wik Epa, Wikepa, Wik Meanha, Wikmean, Wiknatanja, Mimungkum, Wik Mungkana, Nantjara, Ngantjeri, Wik nantjara, Wik Nat",QLD,-14.48978103,141.7921889,https://collection.aiatsis.gov.au/austlang/language/y59
Y6,Djagaraga,"Yadhaigana, Gumakudin, Jadaikana, Ynduyamu, Yaraidyana, Yathaikeno, Dyagaraga, Yagulle, Gudang, Alauian, Unduamo, Undooyamo, Kekosino, Kekoseno, Kokiliga",QLD,-10.81626591,142.5203416,https://collection.aiatsis.gov.au/austlang/language/y6
Y60,Ayapathu,"Ayabadhu, Abadja, Ai ebadu, Aiabadu, Aiyabotho, Aiyaboto, Ajabadha, Ajabatha, Ajibyrdu, Apatya, Badja, Baldya, Balfja, Jabuda, Kikahiabilo, Koka Ai ebadu, Koka aiebadu, Koko Aiebadu, Koko Badja, Koko Baldya, Koko Baltja, Aiebadu",QLD,-14.41851388,143.2399247,https://collection.aiatsis.gov.au/austlang/language/y60
Y61,Flinders Island (retired),"Oko Wurriima, Flinders Island, Mutumui, Walmbaria, Itu, Ambydher, Kokomiabilo, Mairughan, Manpirlmung wa, Mbambylmu, Mbyrlmurl, Miabilo, Pipon Island, Wurima, Walmbar, Yalnga bar",QLD,-14.27558777,144.3889156,https://collection.aiatsis.gov.au/austlang/language/y61
Y62,Ama Ambilmungu,Gambilmugu,,,,https://collection.aiatsis.gov.au/austlang/language/y62
Y63,Jugaiwadha,Ju'gaiwadha,,,,https://collection.aiatsis.gov.au/austlang/language/y63
Y63.1,Barrow Point,"Barrow Point language, Mutumui, Itu, Walmbaria, Basthom, Basthon, Baulam, Ebole, Eibole, Eipolin, Jugaiwatha, Karbungga, Mbambylmu, Mutumi, Njegudi, Ongwara, Mudumui",QLD,-14.47597716,144.5944398,https://collection.aiatsis.gov.au/austlang/language/y63.1
Y64,Pakanh,"Bakanha, Ayabakan, u, Pakanha, Bakanh, Ajabakan, Ajabatha, Aiabakan, Aw Ayan, Baganu, Bakanu, Gugu Jan, Jan, Kokojan, Pakanhu, Yir Mayan, Uw Ayan",QLD,-14.59143707,142.3477301,https://collection.aiatsis.gov.au/austlang/language/y64
Y65,Aghu Tharnggala,"Aghu Tharrnggala, Aghu Tharnggalu, Aghu, Agu Tarnggele, Aku Danggela, Darnggele, Darnggelle, Aghu Tharnggal, Aghu Tharnggalai",QLD,-14.92265906,144.1358312,https://collection.aiatsis.gov.au/austlang/language/y65
Y66,Wurangung,"Cocobathan, Jeteneru, Yadaneru, Ompindamo",QLD,-14.59994042,143.5668774,https://collection.aiatsis.gov.au/austlang/language/y66
Y67,Flinders Island language,"Flinders Island language, Biyalgeyi, Aji",QLD,,,https://collection.aiatsis.gov.au/austlang/language/y67
Y68,Baraban,Arlgandung,,,,https://collection.aiatsis.gov.au/austlang/language/y68
Y69,Kuuk Thaayorre,"Kuuk Thayorre, Thayore, Thaayorre, Koko Daiyuri, Koko Taiyor, Taior, Bohran, Da:jor, Daiyuri, Dajor, Dayorr, Gugujak, Kokkotaijari, Koko, Koko Tayorre, Koko yak, Kokotaiyari, Kokotayor, Taiol, Taiyor, Tayor, Tayore, Tayorr, Thayarre, Thayorre, Ku k Thayo",QLD,-14.90901099,141.7870148,https://collection.aiatsis.gov.au/austlang/language/y69
Y7,Angkamuthi,"Anggamudi, Ankamuti, Atampaya, Bawtjathi, Lotiga, Nggamadi, Uradhi, Utangikwathiya, Utudhanamu, Aheanjadiddie, Am kemti, Ambaigan, Amkomti, Andengu, Apukwe, Apukwi, Atambaia, Gamete, Gametty, Gamiti, Gamuthi, Gomokudin, Goomkadeen, Goomkoding, Jamagundji",QLD,-11.31446324,142.2941582,https://collection.aiatsis.gov.au/austlang/language/y7
Y70,Yuwula,"Aj juwalnga, Galbawa, Juwula, Kalpawa, Kokangol, Koko Gol, Kookakolkoloa, Oco carnigal, Owonmunga",QLD,,,https://collection.aiatsis.gov.au/austlang/language/y70
Y71,Gugu Rarmul,"Koko Rarmul, Aburarm, Aghairu, Aku, Aku Rarmal, Almook, Almura, Alwangara, Anggul, Beengeewarra, Bindaga, Bindjiwara, Djauan, Fulgola, Gugu Almura, Gujudi, Hrahmul, Jawa, Jouon, Koko negodi, Kokojawa, Kokonjekodi, Kokorarmul Kokorarmul, Kokoyawa, Mara Ra",QLD,-14.76750144,144.1096839,https://collection.aiatsis.gov.au/austlang/language/y71
Y72,Yir Yoront,"Yirr Yorront, Yirr Thutjim, Cape York Peninsula Languages, Jir Joront, Dangedl, Dhanuun, Djudjan, Dudjym, Gorminag, Gwandera, Jirjoront, JirJorond, Jir djudjam, Jir Jirond, Jirmel, Koka mungin, Koko manjoen, KokoMandjoen, Kokomindjan, Kokomindjen, KokoMi",QLD,-15.12573754,141.712047,https://collection.aiatsis.gov.au/austlang/language/y72
Y73,Uw Olkola,"Olgol, Cape York Peninsula Languages, Kunjen, Koko Olkol, Koko Olkolo, Olkol, Koko olkol, Olkulo, Koka ollugul, Ulkulu, Wulgulu, Olgolo, Olcoola",QLD,-15.34793754,142.6986428,https://collection.aiatsis.gov.au/austlang/language/y73
Y74,Gugu Yawa,"Anggul, Fulgola, Ok Anggul, Jawa, Kokojawa, Possum Language, Agu Alwon, Kuku Yawa, Uw Anbu; Koogo yowa, Kuku Ulan, Koko Yawa, Djauan, Kokorarmul, Jouon, AkuRarmul, Bindaga",QLD,-15.38018988,144.0313789,https://collection.aiatsis.gov.au/austlang/language/y74
Y75,A'ragu,Aragu,,,,https://collection.aiatsis.gov.au/austlang/language/y75
Y76,Gwandera,,,,,https://collection.aiatsis.gov.au/austlang/language/y76
Y78,KUKU YALANJI,"Kuku Yalanji, Kuku Yalaja, Kuku Yelandji, Kuku yalanji, Djankun, Jungkurara, Kokojelandji, Kokokulunggur, Kokowalandja, Muluridji, Wakara, Wulpura, Booroorar, Cangoora, Chokonara, Cuegudira, Djiling, Gugu Jalandji, Gugu Yalandji, Gugu Yalanji, Gumbo, Gum",QLD,-16.49744785,144.6293752,https://collection.aiatsis.gov.au/austlang/language/y78
Y79,Guugu-Nyiguudyi,"Mun ba rah, Munbara, Nggodi, Njekodi, Ngegudi, Kokonjekodi, Koko negodi, Bindjiwara, Beengeewarra, Gugu Almura",QLD,-14.65363736,144.784569,https://collection.aiatsis.gov.au/austlang/language/y79
Y8,Yadhaykenu,"Yadhaigana, Djagaraga, Gumakudin, Jadaikana, Ynduyamu, Yaraidyana, Yathaikeno, Galaigan, Induyames, Induyamo, Jadhaigana, Jaraidjana, Jathaikana, Jathaikeno, Uathaikama, Unduyarm, Yadaigan, Yadaikanu, Yagulles, Yaldaigan, Yandigan, Yaraidyena, Yaraikana,",QLD,-11.48377597,142.7257516,https://collection.aiatsis.gov.au/austlang/language/y8
Y80,Kuku-Warra,"Kuku Wara, Gugu Warra, Kokowarra, Coo coo warra, Jaram, KokoWara, Koko wara, Koko Wara, Kookowara, ""Lama Deighton Tribe"", Wara, Wijaram, Gugu Wara, Kokowara, Laia, Aghu Laia, Kookawarra, Coo oo warra, Gugu Warra; Laura Deighton tribe for Kokowara, Koko L",QLD,-15.09403241,144.6122611,https://collection.aiatsis.gov.au/austlang/language/y80
Y81,Kuku Walandja,"Koko Walandja, Kuku yalanji, Kokowalandja, Djankun, Jungkurara, Kokojelandji, Kokokulunggur, Muluridji, Wakara, Wulpura, Gangawara, Kangawara, KokoWalandja, Koko katji, Pulponara, Wallandya, Koko Katji, Gugu Walandja",,,,https://collection.aiatsis.gov.au/austlang/language/y81
Y82,GUUGU YIMITHIRR,"Guugu Yimidhirr, Gugu Yimidhir, Guguyimidjir, Kokoimudji, Kokonjekodi, Balara, Boolcanara, Bullangi, Bulponara, Bulpoonarra, Djidjul, Emoji, Galai Garburnga, Gog yimidjir, Gogo Yimidjir, Gu, gu Yimidir, Gug Imudji, Gug timidir, Gugu yimidjir, I:du, Imudj",QLD,-15.08521754,144.9427946,https://collection.aiatsis.gov.au/austlang/language/y82
Y83,KUNJEN,"Cape York Peninsula Languages, Kunjen, Gugu Nyungkul, Kawarrangg, Laia, Muragan, Ngundjan, Okunjan, Olkolo, Oykangand, Ayan, Gudjal, Gundjen, Gundjun, Ikan, Koonchulburra, Koonjan, Koonjen, Kundjen, Kuntjan, Kuritja:l, Kutabal, Kuthabal, Kutjal, Kwearrib",QLD,-15.72381603,142.654334,https://collection.aiatsis.gov.au/austlang/language/y83
Y84,Kuku Thaypan,"Thaypan, AghuLaia, AkuLaia, Ambaram, Angandjan, Arlga, Awurangung, BarimanCutinma, Bariman Cudhinma, Barimangudinma, Barinangndinma, Barinman Guthinma, Cocobathan, Coo coo warra, Daiban, Gugu Dhayban, Jadeneni, Jeteneru, Jetieneru, Koko Laia, Kokowara, K",QLD,-14.66031799,143.9143389,https://collection.aiatsis.gov.au/austlang/language/y84
Y85,Koko Bera,"Kok Kaber, Gugubera, Koko bera, Kokopera, Anavilla, Ba:bung, Babung, Badedj, Bera, Berang, Gogo Bera, Gonani:n, Goonamen, Goonamin, Goonamon, Goonanin, Gumani, Gunami, Gunani, Gunanni, Kok Per, Koko babung, Koko Pera, Koko Peryn, Kokopapun, Kokopapung, K",QLD,-15.6349181,141.6206186,https://collection.aiatsis.gov.au/austlang/language/y85
Y86,Kuku Bididji,"Kokobididji, Koko Bididji, Gugu Bididji, Kuku Bidiji, Kokobididyi, Kokobidinji, Gugu bidinji, Koko Piddaji",QLD,-15.74881043,144.9973297,https://collection.aiatsis.gov.au/austlang/language/y86
Y87,Kuku Buyunji,"Kuku Buyundji, Annan River tribe, Badadubil, Bujinjdji, Bujundji, Buyundji, Gugu bullanji, Gugubuyun, Koko Bujundji, Kokobujundji, Kokobulanji, Kokonyungal, Gugu Buyundji, Eastern Kuku Yalanji, Koko Buyundji",QLD,-16.21934348,145.3424799,https://collection.aiatsis.gov.au/austlang/language/y87
Y88,Banambila,"Lamalama, Bakanambia, Jeteneru, Bunabila wara, Bunnabilara, Wanbara, Wambara, Kokolamalama, Lamul lamul, Kokaoalamalma, Mukinna, Banambia",,,,https://collection.aiatsis.gov.au/austlang/language/y88
Y89,Kuku Tungay,"Kuku Dungay, Julngay, Tyulngai, Djulngui, Jungkurara, Kuku Tyunkay, Junkurara, Yungkarara, Junkara, Koko Dyungay, Yungurara, Yung Kurara, Koko aungu, Kokodjilandji, Kokojalanja, Kokoyalunyu, Koko Ialunia, Koko Ialiu, Bulponara, Bulpoonarra, Yokarra",QLD,-16.01665993,145.3479216,https://collection.aiatsis.gov.au/austlang/language/y89
Y90,Kuku Nyungkul,"Kuku Njungkul, Kuku Yalanji, Gugu Nyungkul",QLD,-15.75029437,145.2513211,https://collection.aiatsis.gov.au/austlang/language/y90
Y93,Koko Dhawa,"Kok Thaw, a, Koko Petitj, Uw Inhal, Ogh Injigharr, Da:wa, Daua, Koka tabul, Koko daua, Tyor, Yabul, Yahwah, Gugu Dhaw, Kwantari, Uw Inal, Koko Pititj, Kuantari, Kundara, Gundara, Goondarra, Wangara, Wanggara, Kokowanggara, Kokawan gar, Kokatabul, Kokodau",QLD,-16.05090054,141.8061533,https://collection.aiatsis.gov.au/austlang/language/y93
Y94,Kuku Mini,"Aghu Tharnggalu, Kokomini, Akoon koon, Akoonkool, Akunkun, Koko Mini, Koko minni, Koogaminny, Koogobatha, Koogobathy, Koogominny, Kookaminnie, Kookawarra, Mini, Mirkin, Gogo Mini, Gugu Mini, Kooga minny",QLD,-16.05329713,143.4613254,https://collection.aiatsis.gov.au/austlang/language/y94
Y95,Kutjal,"Kutabal, Kuttabal, Gudabal, Kuritja:l, Kuthabal, Koochulburra, Okuntjel, Kwearriburra, Kudjal",QLD,-17.31200751,143.2209542,https://collection.aiatsis.gov.au/austlang/language/y95
Y96,Gugu Jan,"Jan, YirMayan, Baganha",,,,https://collection.aiatsis.gov.au/austlang/language/y96
Y97,Muluridji,"Kuku, Muluridyi, Kuku yalanji, Djankun, Jungkurara, Kokojelandji, Kokokulunggur, Kokowalandja, Wakara, Wulpura, Binjara, Gugu Muluridyi, Kokanodna, Koko moloroiji, koko moloroitji, Kokomoloreij, Kokomoloreitji, Kookanoona, Molloreiji, Molloroiji, Moorloo",QLD,-17.11856796,145.3498346,https://collection.aiatsis.gov.au/austlang/language/y97
Y98,Kuku Waldja / Wulpura,"Koko baldja, Koko waldja, Kokowaldja, Waldja, Walpoll, Wolpa, Woora, Wulbur ara, Wulbura, Wulpurara, Wulurara, Wulurarara, Gugu Waldja",QLD,-16.22631865,145.0767116,https://collection.aiatsis.gov.au/austlang/language/y98
Y99,Kuku Yalunyu,"Jalunju, Kokokulunggur, Koko yalung, Ngarlkajee, Kuku Yalunyu",,,,https://collection.aiatsis.gov.au/austlang/language/y99
